TRT,BLK,CTBKEY,Patch_Density,Landscape_Shape_Index,FctImp,LST,NDVI,PerCover_Forest,grade
100001,1037,2011000011037,0.0,,84.63636363636361,48052.28160511363,2888.769287109375,0.0,D
100001,1123,2011000011123,0.0,,88.63636363636365,49436.16634114582,2234.884521484375,0.0,C
210400,1041,2012104001041,0.0,,55.22222222222222,46799.80022321428,5435.1923828125,0.0,C
210400,1047,2012104001047,0.0,,53.888888888888886,46972.34319196429,5750.615234375,0.0,D
210400,1058,2012104001058,0.0,,68.72340425531912,47162.075607638886,5301.03857421875,0.0,C
210400,1058,2012104001058,0.0,,68.72340425531912,47162.075607638886,5301.03857421875,0.0,D
210400,1066,2012104001066,0.0,,57.93333333333334,47641.889843749996,4656.6923828125,0.0,C
210400,2006,2012104002006,0.0,,39.687499999999986,47219.281511871486,5953.46142578125,0.0,C
210400,2006,2012104002006,0.0,,39.687499999999986,47219.281511871486,5953.46142578125,0.0,D
210500,1013,2012105001013,0.0,,74.22857142857144,48476.491294642845,4671.23095703125,0.0,C
210500,2018,2012105002018,0.0,,53.0,47869.299999999996,4597.96142578125,0.0,C
210500,2044,2012105002044,0.0,,54.4,47182.621961805555,4648.46142578125,0.0,C
210500,2059,2012105002059,0.0,,66.11111111111111,47204.89098011363,4039.5,0.0,C
210500,3012,2012105003012,0.0,,70.5971223021583,47656.393456375816,4526.788330078125,0.0,C
210500,3018,2012105003018,0.0,,37.31004366812225,46238.80770900108,5202.980712890625,0.0,C
210500,3018,2012105003018,0.0,,37.31004366812225,46238.80770900108,5202.980712890625,0.0,D
210500,3029,2012105003029,0.0,,50.42105263157895,47337.32204861112,5121.76904296875,0.0,C
210600,2009,2012106002009,0.0,,52.341463414634134,48086.063262195115,5287.9228515625,0.0,B
210600,2011,2012106002011,0.0,,50.607142857142854,48141.88110351562,5132.115234375,0.0,B
210600,2041,2012106002041,0.0,,53.888888888888886,47804.11111111111,5171.53857421875,0.0,B
210700,1000,2012107001000,0.0,,46.6875,46244.57790798611,4836.84619140625,0.0,C
210700,1018,2012107001018,0.0,,48.7,46564.200520833336,4862.65380859375,0.0,C
210700,1041,2012107001041,0.0,,50.66298342541435,47493.6009260885,5308.269287109375,0.0,C
210700,1108,2012107001108,0.0,,54.666666666666664,48509.421875,4638.23095703125,0.0,C
210800,1000,2012108001000,0.0,,57.1,48350.45063064758,4369.384765625,0.0,D
210800,1015,2012108001015,0.0,,71.58711217183769,48601.14484747023,3630.326904296875,0.0,C
310101,2033,2013101012033,0.0,,83.01960784313722,49303.80365566039,3253.923095703125,0.0,C
310101,2075,2013101012075,0.0,,75.63636363636363,48327.5390625,3915.576904296875,0.0,C
310200,1000,2013102001000,0.0,,77.89583333333331,49187.07362085459,2995.15380859375,0.0,D
310200,1035,2013102001035,0.0,,64.5,49019.41992187501,3385.03857421875,0.0,D
310300,1020,2013103001020,0.0,,56.599999999999994,47554.30965909091,4457.15380859375,0.0,B
310300,3024,2013103003024,0.0,,80.97637795275595,49990.77132936508,2802.5,0.0,D
310300,3025,2013103003025,0.0,,78.0,49881.62848772321,3213.769287109375,0.0,D
310300,4006,2013103004006,0.0,,68.1578947368421,48557.29481907894,3715.384521484375,0.0,B
210800,1033,2012108001033,0.0,,59.333333333333336,48303.600260416664,4520.76904296875,0.0,C
210800,1048,2012108001048,0.0,,58.34482758620691,48737.3000217014,4572.884765625,0.0,D
210800,1056,2012108001056,0.0,,74.53333333333333,47933.40690104166,4093.3461914062495,0.0,C
210800,2048,2012108002048,0.0,,62.77777777777778,49375.022569444445,4619.9228515625,0.0,C
211000,1020,2012110001020,0.0,,59.9,49299.033203125,3711.076904296875,0.0,C
211101,1004,2012111011004,0.0,,76.0,49087.559172453715,3993.519287109375,0.0,C
211101,2005,2012111012005,0.0,,41.63186813186811,47744.88314167838,5300.5,0.0,C
211101,2022,2012111012022,0.0,,49.0,48222.177734375,5516.73095703125,0.0,C
211101,2038,2012111012038,0.0,,57.333333333333336,48658.48549107143,5474.46142578125,0.0,C
211102,2000,2012111022000,0.0,,44.53846153846153,47306.93601562499,6004.26904296875,0.0,D
211200,2006,2012112002006,0.0,,42.46363636363637,46987.87656980139,6049.0771484375,0.0,D
211301,1026,2012113011026,0.0,,60.375,49107.09498355263,4172.3076171875,0.0,D
211301,2002,2012113012002,0.0,,66.0722891566265,48680.137113764045,4871.115234375,0.0,D
211301,2046,2012113012046,0.0,,60.70588235294118,48940.2384672619,4905.4228515625,0.0,D
100001,1025,2011000011025,0.0,,83.25,46367.265370244575,3436.03857421875,0.0,D
210400,1012,2012104001012,0.0,,80.4,48990.78352864582,4630.8076171875,0.0,C
210400,1036,2012104001036,0.0,,47.586206896551744,46467.48019701088,5652.384765625,0.0,C
210400,1036,2012104001036,0.0,,47.586206896551744,46467.48019701088,5652.384765625,0.0,D
210400,1043,2012104001043,0.0,,27.63968668407312,46214.33619931302,5129.96142578125,0.0,C
210400,1043,2012104001043,0.0,,27.63968668407312,46214.33619931302,5129.96142578125,0.0,D
210400,2008,2012104002008,0.0,,61.49999999999999,48562.88404605263,5549.26904296875,0.0,C
210400,2008,2012104002008,0.0,,61.49999999999999,48562.88404605263,5549.26904296875,0.0,D
210400,2018,2012104002018,0.0,,62.10344827586208,48152.31626420454,4672.96142578125,0.0,C
210400,2025,2012104002025,0.0,,57.69230769230769,46558.62682291667,5153.0,0.0,C
210500,1000,2012105001000,0.0,,79.55263157894733,46662.86363636365,4767.0771484375,0.0,C
210500,1017,2012105001017,0.0,,46.83333333333332,48197.9334077381,4999.3076171875,0.0,C
211301,2054,2012113012054,0.0,,81.83333333333333,47319.964613970595,4252.96142578125,0.0,D
211302,1002,2012113021002,0.0,,66.36363636363635,48384.49837853774,4582.5,0.0,D
211302,2002,2012113022002,0.0,,39.31428571428571,47894.67980127428,4444.115234375,0.0,D
211302,2011,2012113022011,0.0,,56.5,49780.17751736111,4867.34619140625,0.0,D
211302,2019,2012113022019,0.0,,73.25000000000001,49524.9453125,5030.84619140625,0.0,D
211302,3000,2012113023000,0.0,,85.72016460905348,47935.03372556585,4379.8076171875,0.0,D
211400,1003,2012114001003,0.0,,57.70967741935484,47922.20645491804,4464.5771484375,0.0,D
211400,1005,2012114001005,0.0,,74.53658536585367,48441.338541666664,4634.115234375,0.0,D
211400,2005,2012114002005,0.0,,58.25892857142857,48401.503944546595,4683.6923828125,0.0,D
211400,3057,2012114003057,0.0,,72.8,48890.36653645833,3670.423095703125,0.0,D
211400,3067,2012114003067,0.0,,70.3780487804878,48484.30917080968,4270.5771484375,0.0,D
211400,3081,2012114003081,0.0,,60.86746987951808,48790.12000868055,3227.53857421875,0.0,D
211501,1000,2012115011000,0.0,,83.57770270270271,49052.35352229094,3006.34619140625,0.0,C
211501,1001,2012115011001,0.0,,79.62420382165608,48663.716898336046,3617.8461914062495,0.0,C
211501,1002,2012115011002,0.0,,39.34249263984297,47376.14470375372,4191.038427734375,0.0,C
211501,1003,2012115011003,0.0,,81.98657718120805,49262.78364158164,3280.2115478515625,0.0,C
211501,1009,2012115011009,0.0,,51.44444444444445,46525.41992187501,5424.8076171875,0.0,C
211501,1019,2012115011019,0.0,,50.625,47856.51692708333,6032.0771484375,0.0,C
211501,2000,2012115012000,0.0,,45.8235294117647,47494.78515624999,4010.0385742187505,0.0,C
211501,2002,2012115012002,0.0,,61.41666666666667,47872.88363486841,3975.3461914062495,0.0,C
211501,3001,2012115013001,0.0,,71.21428571428571,48711.04010416666,4572.34619140625,0.0,C
211501,3010,2012115013010,0.0,,66.29577464788733,49372.79019657259,2524.884521484375,0.0,C
211501,3025,2012115013025,0.0,,52.58333333333333,47375.853124999994,4276.76904296875,0.0,C
210500,1024,2012105001024,0.0,,65.94444444444444,47147.23307291666,4839.03857421875,0.0,C
210500,2014,2012105002014,0.0,,53.5,48165.755208333336,4427.884765625,0.0,C
210500,2032,2012105002032,0.0,,54.44444444444444,47479.7609375,4466.9228515625,0.0,C
210500,2065,2012105002065,0.0,,80.5,48116.022135416664,4538.34619140625,0.0,C
210500,3039,2012105003039,0.0,,59.33333333333333,46747.34745065789,5109.84619140625,0.0,C
210600,2047,2012106002047,0.0,,44.142857142857146,47602.75443892045,4895.115234375,0.0,B
210600,2047,2012106002047,0.0,,44.142857142857146,47602.75443892045,4895.115234375,0.0,C
210600,3031,2012106003031,0.0,,82.24324324324323,48301.411994485316,4519.615234375,0.0,B
210600,3049,2012106003049,0.0,,53.904761904761905,47479.33314732143,5243.0771484375,0.0,B
210600,3057,2012106003057,0.0,,48.50000000000001,47866.79980468751,5075.615234375,0.0,B
210700,1046,2012107001046,0.0,,62.333333333333336,45700.1328125,5083.46142578125,0.0,C
210700,1072,2012107001072,0.0,,54.27272727272727,47942.87251420455,5069.65380859375,0.0,C
210700,1104,2012107001104,0.0,,37.44444444444444,48744.614118303565,4521.884765625,0.0,C
211502,2023,2012115022023,0.0,,59.583333333333336,48150.100390625,4698.96142578125,0.0,C
211502,2032,2012115022032,0.0,,70.94505494505498,48448.534461805575,2922.0,0.0,C
211502,2034,2012115022034,0.0,,62.19166666666668,48070.124160640495,3739.0385742187505,0.0,C
211600,1031,2012116001031,0.0,,61.47826086956522,48896.466703869046,4260.115234375,0.0,C
211600,2013,2012116002013,0.0,,45.359999999999985,48973.553013392855,4974.384765625,0.0,C
211600,2020,2012116002020,0.0,,45.523809523809526,48317.22509765625,4897.384765625,0.0,C
211900,1004,2012119001004,0.0,,50.42857142857143,49762.06608072917,3108.115478515625,0.0,C
212300,1021,2012123001021,0.0,,71.89999999999999,49304.6,4048.8461914062495,0.0,C
212300,2012,2012123002012,0.0,,59.5,49123.27539062501,4498.9228515625,0.0,C
212300,3014,2012123003014,0.0,,63.22222222222222,49042.93326822917,4290.6923828125,0.0,C
310400,1027,2013104001027,0.0,,59.909090909090914,46983.545099431816,4258.0771484375,0.0,C
310400,3015,2013104003015,0.0,,60.333333333333336,48064.8,4288.23095703125,0.0,C
310400,3032,2013104003032,0.0,,91.57142857142861,48430.193548387106,3996.6923828125,0.0,C
310500,1007,2013105001007,0.0,,68.11680327868842,49037.73837691327,2499.8589680989585,0.0,C
310500,1022,2013105001022,0.0,,85.79487179487184,49338.37689012096,2277.384521484375,0.0,C
310500,2001,2013105002001,0.0,,86.2,48082.95019531249,3030.269287109375,0.0,C
310500,2029,2013105002029,0.0,,64.07692307692308,47981.64633413462,4224.15380859375,0.0,C
310500,3008,2013105003008,0.0,,62.31249999999999,48243.26245117186,4051.6923828125,0.0,C
310500,4003,2013105004003,0.0,,57.578947368421055,48741.758018092114,3328.53857421875,0.0,C
310600,1007,2013106001007,0.0,,68.125,49026.44970703126,4785.1923828125,0.0,B
310600,2013,2013106002013,0.0,,56.166666666666664,45668.106158088245,4400.03857421875,0.0,B
310600,2027,2013106002027,0.0,,55.72727272727272,47341.76220703125,4393.15380859375,0.0,B
310600,3010,2013106003010,0.0,,70.4,46347.49076704546,4337.03857421875,0.0,B
310600,5016,2013106005016,0.0,,49.230769230769226,46684.800130208336,3869.423095703125,0.0,B
210800,1019,2012108001019,0.0,,78.34439834024899,49327.26529811715,3825.4615071614585,0.0,C
210800,1037,2012108001037,0.0,,62.061007957559674,48578.1855569948,3883.7691650390625,0.0,C
210800,1037,2012108001037,0.0,,62.061007957559674,48578.1855569948,3883.7691650390625,0.0,D
210800,2018,2012108002018,0.0,,48.375,48778.680078125,4249.3076171875,0.0,C
210800,2035,2012108002035,0.0,,49.74999999999999,48140.90006510417,4462.84619140625,0.0,D
210900,1001,2012109001001,0.0,,72.76000000000003,48682.71334134614,4337.0,0.0,D
210900,1004,2012109001004,0.0,,35.40909090909091,48695.155164930555,4171.03857421875,0.0,D
211000,1041,2012110001041,0.0,,75.28571428571429,48585.159765624994,3427.34619140625,0.0,C
211000,1048,2012110001048,0.0,,52.91666666666666,46464.7421875,5852.73095703125,0.0,D
211101,1010,2012111011010,0.0,,78.58333333333336,48595.610853040525,4369.807861328125,0.0,C
211101,1010,2012111011010,0.0,,78.58333333333336,48595.610853040525,4369.807861328125,0.0,D
211101,2015,2012111012015,0.0,,51.75000000000001,48757.26649305556,5202.84619140625,0.0,C
211101,2033,2012111012033,0.0,,50.25,49289.95019531251,5014.4228515625,0.0,C
211102,1000,2012111021000,0.0,,54.83783783783783,47363.10860048492,5226.96142578125,0.0,C
211102,1000,2012111021000,0.0,,54.83783783783783,47363.10860048492,5226.96142578125,0.0,D
211102,1017,2012111021017,0.0,,47.23076923076923,48884.011948529405,5133.384765625,0.0,D
211102,2008,2012111022008,0.0,,48.48051948051947,47017.016725352114,5749.9228515625,0.0,C
211102,2008,2012111022008,0.0,,48.48051948051947,47017.016725352114,5749.9228515625,0.0,D
211102,3030,2012111023030,0.0,,78.84662576687114,47050.4558423913,5199.269287109375,0.0,D
211200,2027,2012112002027,0.0,,44.083333333333336,46774.911458333336,5927.53857421875,0.0,D
211301,1008,2012113011008,0.0,,79.21276595744682,48382.746701388896,3781.980712890625,0.0,D
211301,1016,2012113011016,0.0,,55.0,48349.21953125,4504.615234375,0.0,D
211301,2016,2012113012016,0.0,,51.458333333333336,49416.909090909096,5466.0771484375,0.0,D
211301,2042,2012113012042,0.0,,69.33333333333333,48295.033203125,5217.96142578125,0.0,D
211301,2047,2012113012047,0.0,,75.5,48013.54980468751,4895.384765625,0.0,D
211302,1012,2012113021012,0.0,,63.22222222222222,48644.955729166664,4829.65380859375,0.0,D
211302,2000,2012113022000,0.0,,55.24999999999999,48440.62500000001,4393.3076171875,0.0,D
211302,2007,2012113022007,0.0,,57.29166666666666,49335.719921874996,4855.5771484375,0.0,D
211302,3003,2012113023003,0.0,,80.41600000000003,48731.01398982559,4631.923095703125,0.0,D
211302,3005,2012113023005,0.0,,68.0,48289.82519531249,3825.923095703125,0.0,D
211302,3027,2012113023027,0.0,,40.888888888888886,48992.43984375,4452.46142578125,0.0,D
211400,1002,2012114001002,0.0,,55.46874999999999,48305.06911057692,4738.5771484375,0.0,D
310800,1009,2013108001009,0.0,,70.80608365019005,49028.696569683925,3176.1922607421875,0.0,B
310800,1016,2013108001016,0.0,,84.66666666666666,47869.349609375,3324.923095703125,0.0,B
310900,3011,2013109003011,0.0,,81.66666666666667,48398.34977213542,4144.9228515625,0.0,C
310900,5016,2013109005016,0.0,,62.10526315789475,48628.56846217105,3947.076904296875,0.0,C
311001,1001,2013110011001,0.0,,65.64615384615382,48959.3449388587,3590.576904296875,0.0,C
311001,1009,2013110011009,0.0,,61.05263157894737,50014.64003906249,2009.7692871093752,0.0,C
311001,1017,2013110011017,0.0,,69.1875,49966.35568576389,3253.1923828125,0.0,C
311001,1020,2013110011020,0.0,,82.78571428571429,49052.78636853448,2767.46142578125,0.0,C
311002,1022,2013110021022,0.0,,61.0,46262.730787627566,4116.384765625,0.0,C
311100,1003,2013111001003,0.0,,85.04511278195494,46899.25858191291,2822.46142578125,0.0,C
212300,3021,2012123003021,0.0,,50.900000000000006,46795.08365885416,4528.384765625,0.0,D
212300,3030,2012123003030,0.0,,49.69090909090908,47507.84346590909,4014.0,0.0,D
212300,3031,2012123003031,0.0,,64.41269841269843,49190.07905505952,3393.576904296875,0.0,C
212300,3031,2012123003031,0.0,,64.41269841269843,49190.07905505952,3393.576904296875,0.0,D
212300,3048,2012123003048,0.0,,82.7941176470588,48874.935431985294,3819.3076171875,0.0,C
212300,3054,2012123003054,0.0,,85.74038461538464,48973.87454044116,3494.1923828125,0.0,C
212300,3054,2012123003054,0.0,,85.74038461538464,48973.87454044116,3494.1923828125,0.0,D
212300,3073,2012123003073,0.0,,70.8,48180.333333333336,3051.96142578125,0.0,D
212300,3089,2012123003089,0.0,,75.77777777777777,49373.13574218751,2784.5,0.0,D
212300,3090,2012123003090,0.0,,64.39999999999998,49244.04199218751,3364.115478515625,0.0,D
212300,5002,2012123005002,0.0,,79.99999999999999,49250.38401442308,4778.884765625,0.0,C
310101,2029,2013101012029,0.0,,67.44444444444444,48556.0203125,3371.769287109375,0.0,C
310101,2081,2013101012081,0.0,,76.91666666666667,48950.454900568184,3381.884521484375,0.0,C
310200,1006,2013102001006,0.0,,70.21126760563382,49266.26043450345,2506.84619140625,0.0,D
310200,1012,2013102001012,0.0,,86.0,49248.95019531249,2301.15380859375,0.0,C
310200,1053,2013102001053,0.0,,83.66666666666669,49371.73324652778,2836.1923828125,0.0,D
310300,1001,2013103001001,0.0,,56.88888888888889,48224.65384615386,3751.0,0.0,B
310300,1011,2013103001011,0.0,,50.0,48084.109375,4482.03857421875,0.0,B
310300,2012,2013103002012,0.0,,60.42857142857143,46755.61439732143,4983.96142578125,0.0,B
310300,2014,2013103002014,0.0,,63.566666666666656,47698.236032196975,4884.84619140625,0.0,B
310300,3010,2013103003010,0.0,,84.3195266272189,49892.40703125002,3111.4422607421875,0.0,B
310300,3014,2013103003014,0.0,,72.98275862068962,48873.65042410716,4306.115234375,0.0,B
211400,3003,2012114003003,0.0,,35.44444444444444,48206.03287760417,4524.26904296875,0.0,D
211400,3010,2012114003010,0.0,,47.8,48440.10901988636,4564.0771484375,0.0,D
211400,3029,2012114003029,0.0,,43.30000000000001,48737.07452512255,4520.23095703125,0.0,D
211400,3036,2012114003036,0.0,,58.47826086956522,49587.95436789773,3258.230712890625,0.0,D
211501,1014,2012115011014,0.0,,51.92307692307692,47222.612304687485,6471.4228515625,0.0,C
211501,1024,2012115011024,0.0,,79.83333333333331,48194.380078125,3714.115478515625,0.0,C
211501,1049,2012115011049,0.0,,76.65979381443299,49330.09471649484,2290.96142578125,0.0,C
211501,2015,2012115012015,0.0,,50.73684210526315,47485.962646484375,4680.65380859375,0.0,C
211501,2023,2012115012023,0.0,,42.157894736842096,47952.822265625,4629.53857421875,0.0,C
211501,2030,2012115012030,0.0,,82.38888888888886,49716.509958791205,3020.019287109375,0.0,C
211501,3011,2012115013011,0.0,,44.63636363636363,48689.080078125,4011.4614257812495,0.0,C
211502,1016,2012115021016,0.0,,80.77727272727267,48691.55308628942,3500.1409505208335,0.0,C
211502,1024,2012115021024,0.0,,46.35714285714286,47787.55226934524,4339.53857421875,0.0,C
211502,1027,2012115021027,0.0,,47.80952380952379,48103.63157894736,4598.40380859375,0.0,C
212300,5037,2012123005037,0.0,,68.00000000000001,49449.246394230766,4315.34619140625,0.0,C
212300,5042,2012123005042,0.0,,75.42857142857143,48323.734375,4474.615234375,0.0,C
212300,5045,2012123005045,0.0,,60.29032258064516,46972.44635416668,4415.3076171875,0.0,C
212400,2050,2012124002050,0.0,,69.9375,49298.675048828125,2874.53857421875,0.0,C
212500,1002,2012125001002,0.0,,75.91164658634528,48357.12375637758,2221.2211303710938,0.0,C
212500,1012,2012125001012,0.0,,86.53676470588235,49327.80742472631,1908.2307128906248,0.0,C
212500,1020,2012125001020,0.0,,44.20425531914894,46855.14468085108,5181.23095703125,0.0,C
212500,1042,2012125001042,0.0,,76.46666666666667,46889.96875,4072.6923828125,0.0,C
212500,1052,2012125001052,0.0,,74.35714285714285,47021.27272727272,2928.65380859375,0.0,C
212500,2014,2012125002014,0.0,,48.07692307692307,47840.827414772735,4142.73095703125,0.0,C
212500,2020,2012125002020,0.0,,57.11764705882353,48519.01660156249,4559.884765625,0.0,C
212500,2028,2012125002028,0.0,,54.38461538461539,47643.74983723959,5041.5,0.0,C
212500,3012,2012125003012,0.0,,60.1,47959.888840663574,5367.73095703125,0.0,D
212500,3014,2012125003014,0.0,,73.12807881773396,47992.83913709168,5943.34619140625,0.0,C
212500,3014,2012125003014,0.0,,73.12807881773396,47992.83913709168,5943.34619140625,0.0,D
212500,3015,2012125003015,0.0,,80.52272727272734,47142.33320732525,3849.8076171875,0.0,C
212500,3020,2012125003020,0.0,,83.25,49131.31018813775,2758.115478515625,0.0,C
212500,3021,2012125003021,0.0,,81.34444444444443,48651.19089577417,2653.84619140625,0.0,C
212500,3047,2012125003047,0.0,,66.23577235772356,47452.102188692756,4081.923095703125,0.0,D
220100,1048,2012201001048,0.0,,79.87692307692305,49562.25019531252,4432.76904296875,0.0,D
220200,2030,2012202002030,0.0,,58.7,46098.49967447917,4941.8076171875,0.0,C
211502,1036,2012115021036,0.0,,47.77272727272728,48307.715871710534,4581.1923828125,0.0,C
211502,1041,2012115021041,0.0,,81.67441860465117,50131.57456487339,3919.384521484375,0.0,C
211502,1049,2012115021049,0.0,,81.33620689655169,49127.5824728261,2784.269287109375,0.0,C
211502,1052,2012115021052,0.0,,87.10389610389606,50271.044114583354,3749.076904296875,0.0,C
211600,1003,2012116001003,0.0,,77.20689655172411,48935.92669270834,3771.8076171875,0.0,C
211600,1018,2012116001018,0.0,,53.77777777777778,49214.00048828126,3278.8076171875,0.0,C
211600,1035,2012116001035,0.0,,52.45833333333333,49440.110894097226,4575.884765625,0.0,C
211600,2032,2012116002032,0.0,,50.88888888888889,49155.02390625,4911.615234375,0.0,C
211600,2040,2012116002040,0.0,,80.54054054054053,49300.88688858695,4643.34619140625,0.0,C
211600,2040,2012116002040,0.0,,80.54054054054053,49300.88688858695,4643.34619140625,0.0,D
211900,1015,2012119001015,0.0,,49.375,49930.9334077381,4853.115234375,0.0,C
212300,1000,2012123001000,0.0,,66.21739130434781,48837.5390625,4422.53857421875,0.0,C
212300,2007,2012123002007,0.0,,60.70588235294117,49636.03759765625,4323.115234375,0.0,C
311100,3003,2013111003003,0.0,,58.44444444444444,48331.59982638889,4090.8461914062495,0.0,C
311100,3011,2013111003011,0.0,,48.64999999999999,48112.80952380953,4786.6923828125,0.0,C
311100,4003,2013111004003,0.0,,68.14285714285714,48265.313802083336,4401.0,0.0,C
311100,4028,2013111004028,0.0,,60.80000000000001,48651.36669921875,3996.8461914062495,0.0,C
311200,1000,2013112001000,0.0,,21.63333333333333,46105.0825700431,5707.0771484375,0.0,C
311200,1002,2013112001002,0.0,,47.435294117647075,46699.31070963542,5696.615234375,0.0,C
311200,3001,2013112003001,0.0,,23.08163265306122,47410.254407051296,6566.84619140625,0.0,C
311200,3003,2013112003003,0.0,,27.810810810810818,47997.04339104729,6524.884765625,0.0,C
311200,3004,2013112003004,0.0,,42.02040816326531,47985.83341471355,6049.5771484375,0.0,C
311200,3009,2013112003009,0.0,,25.61776061776062,47231.26930832527,6266.474283854167,0.0,C
311200,3012,2013112003012,0.0,,44.91666666666666,48079.79110054348,6176.0,0.0,C
311300,1000,2013113001000,0.0,,57.37499999999999,46786.26855468751,5140.4228515625,0.0,C
311300,1017,2013113001017,0.0,,64.15384615384615,48008.233723958336,4443.96142578125,0.0,B
311400,1004,2013114001004,0.0,,74.42116630669548,44951.69453983518,2549.34619140625,0.0,C
311400,1022,2013114001022,0.0,,29.915492957746483,45541.34210526315,5055.26904296875,0.0,C
311400,1029,2013114001029,0.0,,49.8125,44159.77343749999,4294.76904296875,0.0,C
311400,1046,2013114001046,0.0,,36.25,45185.09023437501,4542.5771484375,0.0,C
311400,1049,2013114001049,0.0,,60.0625,44960.75298713235,3671.076904296875,0.0,C
311400,1073,2013114001073,0.0,,75.34722222222224,46952.25691511824,3976.5385742187505,0.0,C
311400,1079,2013114001079,0.0,,66.46739130434784,46875.89728483608,4557.34619140625,0.0,C
311501,2007,2013115012007,0.0,,45.4074074074074,45639.44189453124,5485.3076171875,0.0,C
311502,1003,2013115021003,0.0,,60.42592592592592,47330.336171875,5293.115234375,0.0,C
311502,1006,2013115021006,0.0,,67.61904761904762,48591.309765625,4015.076904296875,0.0,B
311502,1006,2013115021006,0.0,,67.61904761904762,48591.309765625,4015.076904296875,0.0,C
311502,2012,2013115022012,0.0,,43.85,47586.21162683824,5286.5,0.0,B
311502,2013,2013115022013,0.0,,45.73684210526316,47969.92619243421,5266.0771484375,0.0,B
311502,2013,2013115022013,0.0,,45.73684210526316,47969.92619243421,5266.0771484375,0.0,C
311502,2015,2013115022015,0.0,,63.45762711864406,47648.25430349577,5288.8076171875,0.0,C
311502,3013,2013115023013,0.0,,69.9,46741.7565340909,4388.0771484375,0.0,C
311502,3018,2013115023018,0.0,,63.86363636363636,47158.625,4312.384765625,0.0,C
212300,3017,2012123003017,0.0,,35.44444444444444,48391.65039062501,4138.03857421875,0.0,C
212300,3049,2012123003049,0.0,,79.99999999999999,48183.179552801725,4086.8461914062495,0.0,C
212300,3059,2012123003059,0.0,,63.011363636363626,47617.076325491566,4268.1923828125,0.0,C
212300,5015,2012123005015,0.0,,42.767241379310335,46491.991412984906,5057.9228515625,0.0,C
212400,1026,2012124001026,0.0,,78.10344827586209,48287.80625,4647.615234375,0.0,C
212400,1033,2012124001033,0.0,,64.55555555555554,49378.53657670454,4485.115234375,0.0,C
212400,2021,2012124002021,0.0,,64.57079646017704,49341.94818892046,3105.7115478515625,0.0,C
212400,3001,2012124003001,0.0,,42.333333333333336,49226.6525493421,5097.53857421875,0.0,C
212400,3009,2012124003009,0.0,,60.07142857142858,48524.238095238084,4757.46142578125,0.0,C
212500,1005,2012125001005,0.0,,83.431718061674,48775.944206008615,2283.84619140625,0.0,C
212500,1015,2012125001015,0.0,,61.55087719298247,48114.95176750887,3115.2691650390625,0.0,C
212500,1047,2012125001047,0.0,,88.75,46299.73984375,4297.53857421875,0.0,C
212500,2000,2012125002000,0.0,,55.08823529411763,47950.188024720155,2801.65380859375,0.0,C
212500,2017,2012125002017,0.0,,57.23809523809523,47435.966796875,3722.230712890625,0.0,C
212500,3000,2012125003000,0.0,,56.14388489208634,47651.12666590074,5394.65380859375,0.0,C
212500,3000,2012125003000,0.0,,56.14388489208634,47651.12666590074,5394.65380859375,0.0,D
212500,3001,2012125003001,0.0,,32.73532289628175,46110.63686441976,5335.936785016741,0.0,C
212500,3001,2012125003001,0.0,,32.73532289628175,46110.63686441976,5335.936785016741,0.0,D
212500,3002,2012125003002,0.0,,52.57142857142856,46003.999813988084,5785.1923828125,0.0,D
212500,3011,2012125003011,0.0,,70.49549549549553,46873.292986034285,6156.115234375,0.0,D
212500,3016,2012125003016,0.0,,50.517543859649166,47617.919247477555,3548.6538899739585,0.0,C
212500,3035,2012125003035,0.0,,81.9645529736118,46792.702342827986,2290.3149032592773,0.0,C
212500,3035,2012125003035,0.0,,81.9645529736118,46792.702342827986,2290.3149032592773,0.0,D
212500,3036,2012125003036,0.0,,79.18421052631584,47294.99741274352,2763.15380859375,0.0,C
220100,1051,2012201001051,0.0,,46.85483870967742,47646.45041830708,4722.1923828125,0.0,D
310300,5013,2013103005013,0.0,,69.10526315789474,48408.650390625,3535.230712890625,0.0,B
310400,1015,2013104001015,0.0,,63.714285714285715,47786.056919642855,4011.8461914062495,0.0,C
310400,2005,2013104002005,0.0,,70.32307692307694,48270.340698242195,3532.1923828125,0.0,C
310400,2010,2013104002010,0.0,,77.66666666666666,48394.317057291664,3788.615478515625,0.0,C
310400,2020,2013104002020,0.0,,75.8125,49732.61279296874,3476.769287109375,0.0,C
310400,3021,2013104003021,0.0,,57.71428571428572,48966.75725446428,3653.115478515625,0.0,C
310500,1011,2013105001011,0.0,,87.47104247104245,50306.36374879346,2150.34619140625,0.0,C
311701,2001,2013117012001,0.0,,60.92592592592592,46272.31752929688,4156.1923828125,0.0,C
311800,2001,2013118002001,0.0,,53.400000000000006,45106.549999999996,5009.8271484375,0.0,B
311800,2026,2013118002026,0.0,,60.827586206896555,47588.31445312501,4545.615234375,0.0,B
312200,1000,2013122001000,0.0,,84.75,48823.70052083333,3518.46142578125,0.0,D
310500,1028,2013105001028,0.0,,67.0,47892.56015625,3849.4614257812495,0.0,C
310500,2006,2013105002006,0.0,,51.53846153846153,47139.10016741072,3858.076904296875,0.0,C
310500,3012,2013105003012,0.0,,60.464285714285715,48818.673177083336,3862.1538085937505,0.0,C
310600,1000,2013106001000,0.0,,64.53301886792454,48131.526692708336,4154.115234375,0.0,B
310600,1010,2013106001010,0.0,,46.25352112676057,47213.73612998188,4833.34619140625,0.0,B
310600,2022,2013106002022,0.0,,73.74999999999999,45003.72485351562,4229.8076171875,0.0,B
310600,4005,2013106004005,0.0,,66.41176470588235,48154.62934027778,4452.384765625,0.0,B
310600,4006,2013106004006,0.0,,47.90625,47902.393523185485,3970.4614257812495,0.0,B
310600,5002,2013106005002,0.0,,59.75000000000001,46783.26605902778,4199.84619140625,0.0,B
310700,1003,2013107001003,0.0,,68.54385964912281,46855.632991071434,3832.923095703125,0.0,B
310700,1039,2013107001039,0.0,,51.0,48257.02845982143,4651.53857421875,0.0,C
310900,1013,2013109001013,0.0,,73.83333333333333,47013.778428819445,4251.03857421875,0.0,C
310900,3000,2013109003000,0.0,,62.63636363636363,47969.29971590909,4033.8461914062495,0.0,C
310900,4007,2013109004007,0.0,,83.5,48357.599724264706,4134.46142578125,0.0,C
310900,5004,2013109005004,0.0,,70.3076923076923,48332.84235491072,2957.15380859375,0.0,C
310900,5019,2013109005019,0.0,,66.6,48045.25267269737,3893.1538085937505,0.0,C
311001,2016,2013110012016,0.0,,78.17647058823529,48756.61167279412,3437.269287109375,0.0,C
311001,2019,2013110012019,0.0,,75.17647058823529,48538.02191840278,3717.6538085937505,0.0,C
311002,1017,2013110021017,0.0,,74.7058823529412,46406.682444852944,3592.0,0.0,C
311002,1024,2013110021024,0.0,,55.50000000000001,46144.557771381566,4189.26904296875,0.0,C
311002,2005,2013110022005,0.0,,61.50000000000001,49388.909090909096,3547.576904296875,0.0,C
311002,2022,2013110022022,0.0,,85.15,49498.44140624999,3474.3076171875,0.0,C
311002,3003,2013110023003,0.0,,56.11111111111113,48099.69510690789,4046.8461914062495,0.0,C
311002,3004,2013110023004,0.0,,49.285714285714285,47081.214564732145,4785.5,0.0,C
311002,3012,2013110023012,0.0,,63.86486486486487,48006.71284054487,4023.5,0.0,C
311002,3013,2013110023013,0.0,,53.875,46248.55078125,4359.34619140625,0.0,C
311100,1005,2013111001005,0.0,,69.59782608695654,47137.063744848885,3445.3076171875,0.0,C
311100,1006,2013111001006,0.0,,84.73684210526315,45633.72954963235,3025.884521484375,0.0,C
311100,1016,2013111001016,0.0,,64.11111111111111,46309.12217881944,3838.8076171875,0.0,C
311100,1032,2013111001032,0.0,,65.63157894736842,47813.630078124996,3777.769287109375,0.0,C
312200,1030,2013122001030,0.0,,64.5,47980.11383928571,3364.03857421875,0.0,D
312200,3024,2013122003024,0.0,,51.11764705882353,45825.00000000001,5215.1923828125,0.0,D
312200,3042,2013122003042,0.0,,47.3,46186.060546875,5701.5771484375,0.0,D
312300,1048,2013123001048,0.0,,72.0909090909091,48838.980078125,2912.230712890625,0.0,D
312300,1054,2013123001054,0.0,,57.16666666666667,49225.03997395833,3202.615478515625,0.0,C
312300,1054,2013123001054,0.0,,57.16666666666667,49225.03997395833,3202.615478515625,0.0,D
312300,2042,2013123002042,0.0,,62.36363636363636,47214.618607954544,3441.923095703125,0.0,D
312300,2056,2013123002056,0.0,,43.25,46234.32519531249,4922.34619140625,0.0,D
312400,1018,2013124001018,0.0,,59.52,49202.15187500001,3913.5,0.0,A
312400,1018,2013124001018,0.0,,59.52,49202.15187500001,3913.5,0.0,C
312400,1018,2013124001018,0.0,,59.52,49202.15187500001,3913.5,0.0,D
312400,2002,2013124002002,0.0,,39.26315789473684,48585.77756076389,4633.46142578125,0.0,D
312400,3019,2013124003019,0.0,,53.27272727272727,48200.94986979167,5304.84619140625,0.0,D
312501,1006,2013125011006,0.0,,87.25,49654.74330357143,2177.576904296875,0.0,C
312501,1030,2013125011030,0.0,,79.0,48679.81389508928,2323.5,0.0,C
311100,2000,2013111002000,0.0,,48.772727272727266,47656.713178294594,5287.84619140625,0.0,B
311100,2000,2013111002000,0.0,,48.772727272727266,47656.713178294594,5287.84619140625,0.0,C
311100,2002,2013111002002,0.0,,70.0,47926.266927083336,3936.1538085937505,0.0,B
311100,2002,2013111002002,0.0,,70.0,47926.266927083336,3936.1538085937505,0.0,C
311100,3000,2013111003000,0.0,,57.647826086956535,47275.950897752205,4005.1732177734375,0.0,C
311100,4005,2013111004005,0.0,,68.94444444444446,48135.105057565794,4367.65380859375,0.0,C
311100,4024,2013111004024,0.0,,72.99999999999999,48653.486922554344,4295.34619140625,0.0,C
311200,2008,2013112002008,0.0,,41.06666666666667,48054.31119791666,6160.115234375,0.0,C
311200,3007,2013112003007,0.0,,39.64615384615386,47986.10489241803,6137.5771484375,0.0,C
312501,1047,2013125011047,0.0,,83.5,48682.98046875,2371.15380859375,0.0,C
312501,2020,2013125012020,0.0,,76.92857142857143,47492.871930803565,2910.34619140625,0.0,C
312502,1024,2013125021024,0.0,,76.45454545454545,47835.109375,3199.884521484375,0.0,A
312502,2023,2013125022023,0.0,,81.36363636363635,48754.90685614225,3162.53857421875,0.0,A
312502,2023,2013125022023,0.0,,81.36363636363635,48754.90685614225,3162.53857421875,0.0,C
312601,2003,2013126012003,0.0,,65.75,47161.52490234375,3849.5,0.0,A
312602,1010,2013126021010,0.0,,65.33333333333333,47784.17751736111,3492.15380859375,0.0,A
312602,2017,2013126022017,0.0,,72.77777777777777,46887.46657986111,3562.5,0.0,A
312603,1007,2013126031007,0.0,,61.85714285714286,49587.83629261363,4146.26904296875,0.0,A
312603,1023,2013126031023,0.0,,65.09523809523809,48096.66015624999,4415.53857421875,0.0,A
312603,2005,2013126032005,0.0,,76.0212765957447,48097.92170516303,3881.269287109375,0.0,A
311300,1029,2013113001029,0.0,,44.666666666666664,47983.771205357145,5145.4228515625,0.0,B
311400,1000,2013114001000,0.0,,26.805084745762713,44688.82706839139,1571.4038696289062,0.0,C
311400,1001,2013114001001,0.0,,73.16167664670654,45177.376374421285,2832.96142578125,0.0,C
311400,1009,2013114001009,0.0,,72.73684210526315,45588.237548828125,3954.5,0.0,C
311400,1052,2013114001052,0.0,,33.25531914893617,44181.78729838708,3060.15380859375,0.0,C
311400,1066,2013114001066,0.0,,42.00000000000001,46969.800130208336,4993.6923828125,0.0,C
311400,1076,2013114001076,0.0,,58.66666666666667,45641.24951171875,3705.076904296875,0.0,C
311501,1006,2013115011006,0.0,,41.8529411764706,45991.892404770704,5705.134765625,0.0,C
311502,2003,2013115022003,0.0,,57.375,48793.9265625,4737.23095703125,0.0,B
311502,2003,2013115022003,0.0,,57.375,48793.9265625,4737.23095703125,0.0,C
311502,2025,2013115022025,0.0,,57.4,46108.98372395833,5062.384765625,0.0,C
311502,3001,2013115023001,0.0,,68.64516129032258,46673.563078703715,4556.73095703125,0.0,C
311502,3016,2013115023016,0.0,,73.38750000000003,47424.57499999999,4462.73095703125,0.0,C
311600,3000,2013116003000,0.0,,70.51497005988023,46799.42467830882,4158.15380859375,0.0,C
311600,3002,2013116003002,0.0,,78.14285714285717,47604.316063596474,3757.730712890625,0.0,B
311600,3002,2013116003002,0.0,,78.14285714285717,47604.316063596474,3757.730712890625,0.0,C
311800,2008,2013118002008,3.59951757e-07,394395.2127575519,62.39965247610775,46631.159615227574,4351.624999999999,0.003554611658676,B
311900,2009,2013119002009,0.0,,84.36,47812.05609374998,3926.884521484375,0.0,B
311900,2009,2013119002009,0.0,,84.36,47812.05609374998,3926.884521484375,0.0,C
311900,2027,2013119002027,0.0,,64.25,47697.14941406249,4066.115478515625,0.0,B
311900,2027,2013119002027,0.0,,64.25,47697.14941406249,4066.115478515625,0.0,C
312000,1004,2013120001004,0.0,,41.805194805194795,48590.97397524349,3274.884521484375,0.0,D
312200,1020,2013122001020,0.0,,74.5,48422.79980468751,4243.03857421875,0.0,D
230100,1032,2012301001032,0.0,,76.8888888888889,49161.248660714286,4198.615234375,0.0,D
230100,1033,2012301001033,0.0,,73.08794788273612,50078.26994047617,4484.1923828125,0.0,D
312200,2001,2013122002001,0.0,,53.294117647058826,48175.57470703124,3617.230712890625,0.0,D
312200,2009,2013122002009,0.0,,64.22222222222223,48301.155381944445,4563.46142578125,0.0,D
312200,3005,2013122003005,0.0,,70.4,48519.31953125,4110.15380859375,0.0,D
312200,3039,2013122003039,0.0,,52.0,47030.446213942305,5528.615234375,0.0,D
312300,1009,2013123001009,0.0,,84.0,48028.69921875,2557.3076171875,0.0,C
312300,1009,2013123001009,0.0,,84.0,48028.69921875,2557.3076171875,0.0,D
312300,1033,2013123001033,0.0,,54.6,48454.980078125,2659.5,0.0,C
233600,1001,2012336001001,0.0,,17.218606782768124,46486.60874039116,5761.238961356026,0.0,C
233600,1001,2012336001001,0.0,,17.218606782768124,46486.60874039116,5761.238961356026,0.0,D
233600,1007,2012336001007,0.0,,29.297101449275367,47123.484461805565,6466.038330078125,0.0,D
233600,1015,2012336001015,0.0,,26.754098360655757,48105.004129464294,5799.46142578125,0.0,D
233600,1024,2012336001024,0.0,,40.36,48616.520156249986,5845.03857421875,0.0,D
233600,1033,2012336001033,0.0,,43.13333333333333,48364.966796875,5800.384765625,0.0,D
233600,2009,2012336002009,0.0,,41.90909090909091,48631.1200892857,5982.5,0.0,D
233701,1030,2012337011030,0.0,,79.69125993189559,46433.87926256334,2739.5076660156246,0.0,D
312300,1067,2013123001067,0.0,,88.14285714285714,48857.83984375,3515.8076171875,0.0,C
312300,2030,2013123002030,0.0,,50.142857142857146,48040.74162946428,4056.3461914062495,0.0,D
312300,2063,2013123002063,0.0,,53.63636363636364,47832.32741477273,4123.65380859375,0.0,D
312400,1005,2013124001005,0.0,,52.55555555555557,49901.044270833336,3706.0385742187505,0.0,A
312400,1039,2013124001039,0.0,,48.125,49130.92480468751,4376.1923828125,0.0,D
312400,3015,2013124003015,0.0,,62.47457627118643,47334.27949892241,5129.53857421875,0.0,D
312501,1053,2013125011053,0.0,,77.375,48584.375,2941.115478515625,0.0,C
312501,2032,2013125012032,0.0,,73.54545454545455,48151.91634114583,3046.115478515625,0.0,C
312502,1012,2013125021012,0.0,,69.38461538461537,49083.476262019234,3274.423095703125,0.0,A
312502,2025,2013125022025,0.0,,60.55555555555556,48666.10009765625,3430.923095703125,0.0,C
312502,2034,2013125022034,0.0,,73.95744680851065,49651.60862699468,3585.15380859375,0.0,A
312502,2034,2013125022034,0.0,,73.95744680851065,49651.60862699468,3585.15380859375,0.0,C
312601,1009,2013126011009,0.0,,64.11940298507464,45995.43939393939,4140.9228515625,0.0,A
312601,3004,2013126013004,0.0,,81.3076923076923,47282.817057291664,4242.53857421875,0.0,A
312602,1024,2013126021024,0.0,,67.46428571428572,47836.907602163454,3868.615478515625,0.0,A
312602,2003,2013126022003,0.0,,57.75,47461.378038194445,3643.1923828125,0.0,A
312603,1022,2013126031022,0.0,,56.87500000000001,47526.31778492646,4813.73095703125,0.0,A
312603,2024,2013126032024,0.0,,48.25,47734.643663194445,3594.84619140625,0.0,A
233600,1005,2012336001005,0.0,,32.86363636363636,47531.96140813252,5884.615234375,0.0,D
233600,1012,2012336001012,0.0,,32.78125000000001,48097.88403320314,6717.4228515625,0.0,D
233600,1020,2012336001020,0.0,,41.409090909090914,48764.4224826389,6193.65380859375,0.0,D
233600,1044,2012336001044,0.0,,36.8,47748.75097656249,5267.5771484375,0.0,D
233701,1033,2012337011033,0.0,,73.63137254901964,46314.071483872285,2859.2,0.0,D
312700,1002,2013127001002,0.0,,67.29411764705883,48864.178659539466,3624.884521484375,0.0,A
312700,1008,2013127001008,0.0,,58.63157894736842,49566.6498046875,3986.3076171875,0.0,A
312700,1018,2013127001018,0.0,,64.63157894736842,49675.86697048611,4413.5,0.0,A
312700,2023,2013127002023,0.0,,65.10526315789473,48458.33634868421,4567.8076171875,0.0,A
312800,2001,2013128002001,0.0,,68.4310344827586,46917.24383223686,4352.65380859375,0.0,D
312800,2006,2013128002006,0.0,,60.97402597402598,48298.844851762835,4639.0,0.0,A
312800,2007,2013128002007,0.0,,64.44767441860463,48542.506316964274,4146.384765625,0.0,A
312800,2023,2013128002023,0.0,,47.37499999999999,47211.01232910156,4127.6923828125,0.0,D
312901,2006,2013129012006,0.0,,58.478260869565254,47763.20316700273,4768.15380859375,0.0,A
312902,1006,2013129021006,0.0,,46.75,47449.90071614582,5232.0771484375,0.0,A
312902,2010,2013129022010,0.0,,61.372340425531895,49293.72384510868,4777.8076171875,0.0,A
313000,2015,2013130002015,0.0,,59.65714285714285,48633.94263392857,3694.076904296875,0.0,A
313000,2016,2013130002016,0.0,,69.12121212121212,48539.24661458334,3633.230712890625,0.0,A
313102,1015,2013131021015,0.0,,25.427586206896528,46690.831280048056,5267.1078125,0.0,A
313102,1032,2013131021032,0.0,,87.44444444444444,49183.809960937506,4445.46142578125,0.0,A
313102,1049,2013131021049,0.0,,53.659090909090914,48432.19038318453,3668.0,0.0,A
313102,1057,2013131021057,0.0,,64.28571428571428,48604.32383362676,3736.5,0.0,A
313201,1019,2013132011019,0.0,,73.07246376811592,47246.0523097826,5205.884765625,0.0,C
313201,1028,2013132011028,0.0,,86.8653846153846,48661.00000000001,5198.46142578125,0.0,C
313202,2000,2013132022000,0.0,,57.39473684210527,47626.83994140624,4494.26904296875,0.0,A
313202,2009,2013132022009,0.0,,38.8,48202.6953125,4038.8461914062495,0.0,C
313202,2014,2013132022014,0.0,,42.250000000000014,47889.859765625006,3415.269287109375,0.0,C
313202,3000,2013132023000,0.0,,44.12080536912752,47436.021710246605,5181.01904296875,0.0,A
313202,3018,2013132023018,0.0,,40.03703703703704,47352.06159855769,5220.5771484375,0.0,A
313400,1000,2013134001000,0.0,,50.920096852300226,47558.68362226276,5012.480712890625,0.0,C
313400,1015,2013134001015,0.0,,43.733333333333334,46993.70312499999,4476.26904296875,0.0,C
313500,1020,2013135001020,0.0,,39.19354838709678,47074.96850585937,5498.3076171875,0.0,C
313500,3000,2013135003000,0.0,,42.4148936170213,45208.67861643144,5075.84619140625,0.0,C
313500,3005,2013135003005,0.0,,40.1764705882353,44548.35248161765,5350.115234375,0.0,C
313600,2047,2013136002047,0.0,,63.07142857142857,45182.513950892855,6043.76904296875,0.0,B
313700,1001,2013137001001,0.0,,41.76470588235294,42224.15116003787,4846.3076171875,0.0,C
313700,2023,2013137002023,0.0,,64.89320388349515,46219.490119485316,3193.15380859375,0.0,C
313801,1001,2013138011001,0.0,,41.86440677966103,43824.513605442226,4379.935872395833,0.0,C
313802,1006,2013138021006,0.0,,63.955056179775234,45135.56031366601,3536.423095703125,0.0,C
312603,2052,2013126032052,0.0,,43.41666666666667,47852.08333333334,3977.8461914062495,0.0,A
312700,1022,2013127001022,0.0,,64.88888888888889,48898.72358630951,3761.923095703125,0.0,A
312700,2003,2013127002003,0.0,,53.5294117647059,49511.25542534722,4673.115234375,0.0,A
312700,2018,2013127002018,0.0,,71.05263157894736,48348.54666940789,4541.0771484375,0.0,A
312800,1002,2013128001002,0.0,,53.33333333333333,48060.79980468751,4919.0771484375,0.0,D
312901,2004,2013129012004,0.0,,47.838709677419345,46884.84249441963,4299.884765625,0.0,A
312902,1003,2013129021003,0.0,,50.20000000000001,47309.69593750001,4690.615234375,0.0,A
312902,1011,2013129021011,0.0,,47.44354838709679,47766.480720766136,5339.057861328125,0.0,A
312902,2001,2013129022001,0.0,,51.94000000000002,49202.78837316176,4426.884765625,0.0,A
312902,2008,2013129022008,0.0,,45.96000000000001,48034.700120192305,4752.96142578125,0.0,A
312902,2015,2013129022015,0.0,,44.40909090909091,48980.21384447673,5087.5771484375,0.0,A
313000,1000,2013130001000,0.0,,71.28947368421052,48288.81696428572,3758.884521484375,0.0,A
313000,1005,2013130001005,0.0,,57.761904761904766,47160.87988281251,3942.423095703125,0.0,A
313000,1016,2013130001016,0.0,,64.0,47732.9203125,3481.96142578125,0.0,A
313000,2004,2013130002004,0.0,,47.64705882352941,49098.98357780611,4737.8076171875,0.0,A
313000,2005,2013130002005,0.0,,57.51612903225806,49482.67850378789,4499.1923828125,0.0,A
313000,3004,2013130003004,0.0,,61.89473684210527,48709.63027343749,4592.0,0.0,A
313000,3010,2013130003010,0.0,,56.25,49268.61568509614,4175.65380859375,0.0,A
313102,1021,2013131021021,0.0,,40.61256544502618,47299.338836348674,5194.5126953125,0.0,A
313202,2004,2013132022004,0.0,,63.76056338028172,47712.78295200895,3387.923095703125,0.0,A
313202,2004,2013132022004,0.0,,63.76056338028172,47712.78295200895,3387.923095703125,0.0,C
313202,2020,2013132022020,0.0,,70.04,47248.50390625001,4483.26904296875,0.0,C
313202,3004,2013132023004,0.0,,38.8108108108108,47846.14569256757,4314.115234375,0.0,A
313202,3012,2013132023012,0.0,,29.500000000000004,46547.2989267677,5673.9423828125,0.0,A
313400,1006,2013134001006,0.0,,36.06249999999999,47080.181518554695,4230.96142578125,0.0,C
313500,1018,2013135001018,0.0,,54.3,46013.38139204545,5208.6923828125,0.0,C
313500,2005,2013135002005,0.0,,46.6,46830.9453125,5101.26904296875,0.0,B
313500,2005,2013135002005,0.0,,46.6,46830.9453125,5101.26904296875,0.0,C
313500,2014,2013135002014,0.0,,47.23529411764706,45600.024658203125,5513.73095703125,0.0,C
313500,3004,2013135003004,0.0,,76.25,44648.359635416666,5871.46142578125,0.0,C
313500,3013,2013135003013,0.0,,74.61395348837208,45867.84539568866,5122.96142578125,0.0,C
313500,3028,2013135003028,0.0,,83.60000000000002,44966.51767578125,5046.1923828125,0.0,C
313500,3029,2013135003029,0.0,,37.333333333333336,47065.82352941176,5609.15380859375,0.0,C
313600,1016,2013136001016,0.0,,59.45454545454545,48286.21647135416,4490.84619140625,0.0,C
313600,1032,2013136001032,0.0,,76.80219780219784,47245.85125868055,4163.5,0.0,C
313600,2003,2013136002003,0.0,,53.416666666666664,46476.52253605769,4902.46142578125,0.0,C
313600,2029,2013136002029,0.0,,43.88235294117647,46043.237304687485,5724.0,0.0,B
313600,2059,2013136002059,0.0,,45.88888888888889,43902.84440104167,5635.8076171875,0.0,C
313600,4000,2013136004000,0.0,,52.45753424657537,43662.75595084366,5188.115478515625,0.0,C
313700,1005,2013137001005,0.0,,50.285714285714285,43552.306770833326,4534.5771484375,0.0,C
313700,1012,2013137001012,0.0,,40.67647058823529,41624.957149621216,4771.03857421875,0.0,C
313700,2013,2013137002013,0.0,,50.04166666666666,46266.33033288043,4135.9228515625,0.0,C
313801,1000,2013138011000,0.0,,67.08695652173914,42844.10668402778,4586.34619140625,0.0,C
314001,2007,2013140012007,0.0,,74.54545454545456,48770.49363982369,2872.705078125,0.0,A
314003,2001,2013140032001,0.0,,74.8564593301435,47522.85928154902,2918.9422607421875,0.0,A
320100,1008,2013201001008,0.0,,61.55555555555557,47742.94998301631,4286.65380859375,0.0,B
320100,2003,2013201002003,0.0,,49.99999999999999,47662.83491847826,4519.615234375,0.0,B
320202,1006,2013202021006,0.0,,45.17543859649124,47761.71334635417,5729.4228515625,0.0,B
320202,1007,2013202021007,0.0,,41.79999999999999,47725.17831503379,5236.884765625,0.0,B
320202,2003,2013202022003,3.84033235e-07,133934.0697424987,31.16479400749064,46185.247857392715,5861.84619140625,0.003840430128174,B
320202,2004,2013202022004,0.0,,22.45741324921134,45375.57710813491,6393.019287109375,0.0,B
320202,2012,2013202022012,0.0,,40.241379310344826,46309.26395089286,5541.6923828125,0.0,B
320202,2014,2013202022014,0.0,,76.19230769230771,47786.04296875,4846.03857421875,0.0,B
320601,2008,2013206012008,0.0,,25.642307692307693,44967.472849334605,6332.461669921875,0.0,B
314001,2021,2013140012021,0.0,,77.96341463414639,48894.7203556365,3604.5385742187505,0.0,A
320100,1002,2013201001002,0.0,,55.44047619047621,46708.094301470584,3817.6538085937505,0.0,B
320100,2001,2013201002001,0.0,,36.03448275862068,47969.19280133929,4927.0771484375,0.0,B
320100,2009,2013201002009,0.0,,54.95652173913043,48590.37578125,5011.884765625,0.0,B
320201,1006,2013202011006,0.0,,36.869565217391305,47819.00035511363,3911.615478515625,0.0,B
320201,1013,2013202011013,0.0,,40.61111111111111,46812.21679687499,3997.576904296875,0.0,B
320201,1014,2013202011014,0.0,,26.727272727272723,46497.860465116275,4925.0,0.0,B
320201,2014,2013202012014,0.0,,39.86666666666667,47562.759895833326,5633.0,0.0,B
320202,1002,2013202021002,0.0,,49.36111111111111,47244.848395270266,5070.8076171875,0.0,B
320202,2001,2013202022001,0.0,,35.93939393939394,46597.70019531249,5818.34619140625,0.0,B
320202,2026,2013202022026,0.0,,26.301204819277107,45423.23251953125,6612.73095703125,0.0,B
320202,3003,2013202023003,0.0,,43.769230769230774,47824.907602163476,5968.8076171875,0.0,B
320202,3005,2013202023005,0.0,,28.222222222222214,46821.66886160713,5728.65380859375,0.0,B
324200,1016,2013242001016,0.0,,52.77777777777778,45536.05312499999,3271.923095703125,0.0,C
324200,1040,2013242001040,0.0,,51.588235294117645,45321.90017361112,3625.576904296875,0.0,C
324200,2022,2013242002022,0.0,,73.45625000000007,46707.04150288261,3136.326873779297,0.0,C
324200,1005,2013242001005,0.0,,48.714285714285715,46288.82812500001,2072.730712890625,0.0,C
324200,1006,2013242001006,0.0,,36.54285714285713,46588.81181066176,2445.5,0.0,C
324200,1039,2013242001039,0.0,,45.166666666666664,44864.628720238084,3527.53857421875,0.0,C
324200,2017,2013242002017,0.0,,77.81808035714285,46354.552656249965,1381.8942565917969,0.0,C
324200,2019,2013242002019,0.0,,69.55,46653.557565789466,2174.615478515625,0.0,C
324200,2025,2013242002025,0.0,,69.66442953020136,46413.70606124161,4044.269287109375,0.0,C
510100,1022,2015101001022,0.0,,79.14444444444446,49035.91607862903,3135.15380859375,0.0,C
510100,1063,2015101001063,0.0,,75.58823529411764,47915.44954427083,3614.3076171875,0.0,D
510100,2022,2015101002022,0.0,,59.0,48322.99967447917,3958.076904296875,0.0,C
510202,1032,2015102021032,0.0,,86.40000000000002,48032.894363839296,2533.1153564453125,0.0,D
510202,1048,2015102021048,0.0,,87.25,47412.24902343751,2989.423095703125,0.0,D
510301,1004,2015103011004,0.0,,56.45,47347.17258522727,5208.53857421875,0.0,B
510301,1015,2015103011015,0.0,,46.333333333333336,46641.12548828125,5639.46142578125,0.0,B
510301,1023,2015103011023,0.0,,47.888888888888886,47194.853645833326,5615.96142578125,0.0,C
510301,1028,2015103011028,0.0,,36.42857142857142,45015.41531544811,5698.3076171875,0.0,C
510301,2010,2015103012010,0.0,,63.94827586206897,46905.752994791656,5595.73095703125,0.0,B
510301,2019,2015103012019,0.0,,31.676470588235293,46433.00957782452,5711.15380859375,0.0,B
510301,2019,2015103012019,0.0,,31.676470588235293,46433.00957782452,5711.15380859375,0.0,C
510302,1021,2015103021021,0.0,,48.333333333333336,47078.07170758929,5796.53857421875,0.0,B
510302,2011,2015103022011,0.0,,48.733333333333334,48071.03385416667,5003.5771484375,0.0,B
510302,2013,2015103022013,0.0,,44.1764705882353,48413.73779296875,5781.9228515625,0.0,B
510302,3008,2015103023008,0.0,,50.16666666666666,46974.800048828125,4941.9228515625,0.0,B
510302,3018,2015103023018,0.0,,64.0625,48538.78697916667,4894.15380859375,0.0,B
510400,1004,2015104001004,0.0,,48.72727272727273,47978.33864182692,4973.1923828125,0.0,B
510400,1015,2015104001015,0.0,,50.53846153846153,48190.52716619319,5042.26904296875,0.0,B
510400,2011,2015104002011,0.0,,59.85714285714286,47824.80859374999,4556.615234375,0.0,C
510400,3005,2015104003005,0.0,,53.73333333333334,48175.68434495192,4887.26904296875,0.0,C
510400,3024,2015104003024,0.0,,53.599999999999994,47403.83984375,4842.8076171875,0.0,C
510500,1003,2015105001003,0.0,,47.38461538461539,48533.58132102272,4839.76904296875,0.0,C
510500,2008,2015105002008,0.0,,73.49999999999999,46992.69322916665,4170.84619140625,0.0,C
510500,2010,2015105002010,0.0,,71.24137931034483,48322.921735491065,4405.23095703125,0.0,C
510601,2013,2015106012013,0.0,,67.66666666666667,46168.333333333336,3556.076904296875,0.0,C
510601,2014,2015106012014,0.0,,73.37037037037037,46440.144665948275,2832.923095703125,0.0,C
510602,1009,2015106021009,0.0,,64.77777777777777,48672.36363636363,3991.423095703125,0.0,D
510602,2014,2015106022014,0.0,,64.64705882352942,50103.019159226205,3950.730712890625,0.0,D
510602,2016,2015106022016,0.0,,74.30000000000001,49712.12548828125,3907.423095703125,0.0,D
510602,3017,2015106023017,0.0,,70.0,49784.22460937501,3566.384521484375,0.0,D
510602,3020,2015106023020,0.0,,78.77777777777777,49836.14635416667,3692.8461914062495,0.0,D
510701,1003,2015107011003,0.0,,62.1574074074074,48233.161293992714,3614.423095703125,0.0,D
510701,1004,2015107011004,0.0,,61.835616438356155,48136.160618832255,4311.46142578125,0.0,D
510701,2004,2015107012004,0.0,,66.66666666666669,48396.0802556818,3669.0385742187505,0.0,D
510702,1008,2015107021008,0.0,,73.56962025316453,47595.00014467593,2861.5,0.0,D
510702,2011,2015107022011,0.0,,59.75000000000001,47902.269921875,3279.269287109375,0.0,D
510702,2013,2015107022013,0.0,,57.81818181818181,49031.525390625,3373.65380859375,0.0,D
510801,1010,2015108011010,0.0,,73.8,49087.088541666664,2966.576904296875,0.0,D
510801,3001,2015108013001,0.0,,57.599999999999994,50315.619921875,4438.115234375,0.0,D
510801,3018,2015108013018,0.0,,77.75,49447.13333333333,4418.115234375,0.0,D
510802,1015,2015108021015,0.0,,40.91111111111109,46097.43662806917,4002.0,0.0,B
510802,1046,2015108021046,0.0,,66.5,46669.80078125,4440.115234375,0.0,B
510802,2003,2015108022003,0.0,,52.34146341463416,47606.258208069616,5259.23095703125,0.0,D
510100,1007,2015101001007,0.0,,47.875,47406.100911458336,3778.1538085937505,0.0,C
510100,1014,2015101001014,0.0,,62.75,48232.89941406251,3169.5,0.0,C
510100,1014,2015101001014,0.0,,62.75,48232.89941406251,3169.5,0.0,D
510100,1018,2015101001018,0.0,,59.230769230769226,48692.26220703125,3527.769287109375,0.0,C
510100,1050,2015101001050,0.0,,84.5,48770.228515625,2893.46142578125,0.0,D
510100,2026,2015101002026,0.0,,69.08333333333333,47762.95572916666,4483.5771484375,0.0,C
510201,1005,2015102011005,0.0,,49.004807692307686,46177.62814453129,3991.4039306640625,0.0,D
510201,1014,2015102011014,0.0,,65.91666666666666,47582.02170138889,4078.576904296875,0.0,D
510202,1002,2015102021002,0.0,,71.80104712041883,48540.530933277005,5023.769287109375,0.0,C
510202,1011,2015102021011,0.0,,58.75,48643.733072916664,3458.53857421875,0.0,C
510202,1045,2015102021045,0.0,,82.88888888888889,46953.345170454544,3142.5,0.0,D
332700,2001,2013327002001,0.0,,75.96678966789666,48174.39629767921,4025.410237630208,0.0,C
510803,1001,2015108031001,0.0,,72.0,47643.943080357145,3290.769287109375,0.0,D
510803,1011,2015108031011,0.0,,66.23577235772355,49199.99039188509,3725.8461914062495,0.0,D
510803,1016,2015108031016,4.0270069e-07,117504.65634513838,39.34901960784315,47503.46184717468,5654.82314453125,0.019112287836994,A
510803,1016,2015108031016,4.0270069e-07,117504.65634513838,39.34901960784315,47503.46184717468,5654.82314453125,0.019112287836994,D
510901,1011,2015109011011,0.0,,67.16666666666666,49991.17693014707,3980.076904296875,0.0,D
510901,2003,2015109012003,0.0,,61.40909090909091,46184.459773936185,3604.8076171875,0.0,D
510901,3003,2015109013003,0.0,,50.12844036697244,47156.17015917056,4837.5,0.0,D
510902,2027,2015109022027,0.0,,74.25287356321842,45416.49106816522,2968.269287109375,0.0,D
510202,2001,2015102022001,0.0,,72.94054054054055,47837.10046709656,2931.5,0.0,D
510202,2002,2015102022002,0.0,,42.22556390977442,46633.28741319445,3678.0385742187505,0.0,D
510202,2003,2015102022003,0.0,,75.40740740740739,47867.115534855766,4085.8461914062495,0.0,D
510202,3002,2015102023002,0.0,,83.6,48278.32519531251,3302.576904296875,0.0,C
510202,3009,2015102023009,0.0,,58.70270270270272,46575.42698688274,4014.769287109375,0.0,C
510301,1032,2015103011032,0.0,,69.94117647058822,46619.58697916666,5428.384765625,0.0,C
510301,2013,2015103012013,0.0,,48.53333333333333,47929.11494140625,5400.46142578125,0.0,B
510301,2023,2015103012023,0.0,,32.15454545454545,47936.983365885426,4665.96142578125,0.0,B
510301,2023,2015103012023,0.0,,32.15454545454545,47936.983365885426,4665.96142578125,0.0,C
510301,2030,2015103012030,0.0,,47.7816091954023,48197.42902861446,4862.4228515625,0.0,C
510302,1024,2015103021024,0.0,,51.32142857142857,47105.91284179686,5274.34619140625,0.0,B
510302,2015,2015103022015,0.0,,53.46666666666667,47511.010850694445,4718.6923828125,0.0,B
510400,1019,2015104001019,0.0,,72.47727272727275,48853.74298469388,4930.0771484375,0.0,B
510400,2000,2015104002000,0.0,,52.352941176470594,48347.19123641307,4599.384765625,0.0,B
510400,3008,2015104003008,0.0,,53.72727272727273,47941.94280133929,5130.65380859375,0.0,C
510400,3011,2015104003011,0.0,,37.64,47622.11789772727,4983.03857421875,0.0,C
510400,3019,2015104003019,0.0,,58.5,48393.960156249996,4689.1923828125,0.0,C
510500,1017,2015105001017,0.0,,47.08333333333333,48193.872514204544,4712.5,0.0,C
511100,1007,2015111001007,0.0,,66.0714285714286,48481.976376488106,3804.076904296875,0.0,C
511201,1001,2015112011001,0.0,,68.8125,48049.79940257353,3990.730712890625,0.0,C
511201,1009,2015112011009,0.0,,34.73170731707317,48547.44378810975,4832.53857421875,0.0,C
511201,1016,2015112011016,0.0,,63.49999999999999,50732.58128720238,4378.8076171875,0.0,C
511201,1017,2015112011017,0.0,,54.92307692307692,49881.98505859375,4860.03857421875,0.0,C
511202,1004,2015112021004,0.0,,59.455882352941174,47584.99735915491,3598.5,0.0,C
511202,2004,2015112022004,0.0,,59.5072463768116,46651.71983173077,3603.115478515625,0.0,C
511301,1016,2015113011016,0.0,,51.84000000000001,48507.53057065218,4775.6923828125,0.0,B
511301,2004,2015113012004,0.0,,47.54166666666667,47198.533203125,5184.615234375,0.0,B
511301,2012,2015113012012,0.0,,42.95238095238096,48542.40003551136,4827.73095703125,0.0,C
511301,2020,2015113012020,0.0,,49.33333333333333,49040.453725961546,4824.5,0.0,C
511301,3009,2015113013009,0.0,,47.77380952380948,49047.67225150602,4370.46142578125,0.0,C
511301,4014,2015113014014,0.0,,56.5,49342.21185661765,3830.3076171875,0.0,C
511302,1002,2015113021002,0.0,,54.81481481481482,47620.56860351563,5166.615234375,0.0,C
511302,1011,2015113021011,0.0,,61.040000000000006,46817.62584918478,5087.23095703125,0.0,B
511302,1011,2015113021011,0.0,,61.040000000000006,46817.62584918478,5087.23095703125,0.0,C
511302,1019,2015113021019,0.0,,47.892857142857146,48241.19123641305,5407.34619140625,0.0,C
511302,2008,2015113022008,0.0,,62.95789473684209,49487.149019281904,5348.34619140625,0.0,C
511302,2022,2015113022022,0.0,,42.434782608695656,49043.57031250001,5374.3076171875,0.0,B
511302,2022,2015113022022,0.0,,42.434782608695656,49043.57031250001,5374.3076171875,0.0,C
511302,3008,2015113023008,0.0,,56.7,48372.99288504464,5113.615234375,0.0,B
511302,3015,2015113023015,0.0,,51.6,47080.59259259259,5170.3076171875,0.0,B
511302,3021,2015113023021,0.0,,42.607142857142854,47769.79372479838,5205.8076171875,0.0,B
511302,3021,2015113023021,0.0,,42.607142857142854,47769.79372479838,5205.8076171875,0.0,C
511400,1017,2015114001017,0.0,,53.92307692307692,48879.27674278846,4725.0,0.0,B
511400,1017,2015114001017,0.0,,53.92307692307692,48879.27674278846,4725.0,0.0,C
511400,2034,2015114002034,0.0,,78.66666666666667,47726.40006510417,4878.5771484375,0.0,B
511400,2034,2015114002034,0.0,,78.66666666666667,47726.40006510417,4878.5771484375,0.0,C
511501,1007,2015115011007,0.0,,75.0625,47152.57317708334,4861.03857421875,0.0,C
511501,2003,2015115012003,0.0,,78.55000000000001,48194.689857219826,4313.0,0.0,C
511501,2004,2015115012004,0.0,,67.89285714285714,47526.95203125,4117.53857421875,0.0,C
511502,1009,2015115021009,0.0,,43.777777777777786,46398.47600446428,4653.9228515625,0.0,C
511502,1017,2015115021017,0.0,,51.77777777777777,45658.01749320652,4620.84619140625,0.0,C
511502,2020,2015115022020,0.0,,39.333333333333336,47379.19986979166,4672.15380859375,0.0,C
511502,3005,2015115023005,0.0,,51.25925925925927,46823.96296296296,4830.84619140625,0.0,C
511502,4013,2015115024013,0.0,,45.17857142857142,46911.12369791667,4979.76904296875,0.0,C
511502,5002,2015115025002,0.0,,58.72727272727273,46781.12451171875,4119.884765625,0.0,C
511502,5009,2015115025009,0.0,,40.31818181818183,46232.33349609374,4304.6923828125,0.0,C
511502,5034,2015115025034,0.0,,47.666666666666664,46362.31640625,4865.65380859375,0.0,C
511600,1022,2015116001022,0.0,,35.875,47954.049479166664,4683.23095703125,0.0,C
511600,1031,2015116001031,0.0,,59.666666666666664,49510.16666666667,4629.26904296875,0.0,C
511600,2001,2015116002001,0.0,,44.51315789473684,47139.73405393837,4546.4228515625,0.0,C
511600,3004,2015116003004,0.0,,38.11450381679388,48906.130506727415,3772.076904296875,0.0,C
511600,4023,2015116004023,0.0,,68.39436619718309,46329.45495211696,4221.84619140625,0.0,C
511600,4032,2015116004032,0.0,,52.44444444444445,46768.80078125,3723.5,0.0,C
510500,2004,2015105002004,0.0,,61.040123456790056,47828.063304570926,4266.73095703125,0.0,C
510500,2013,2015105002013,0.0,,71.88000000000001,48525.074315599195,3810.615356445313,0.0,C
510500,2015,2015105002015,0.0,,51.53883495145631,47459.02118735598,3829.769287109375,0.0,C
510500,2015,2015105002015,0.0,,51.53883495145631,47459.02118735598,3829.769287109375,0.0,D
510500,3000,2015105003000,0.0,,60.7142857142857,48844.60757211539,4717.5,0.0,C
510500,3011,2015105003011,0.0,,55.20833333333333,48697.93343098958,4147.5771484375,0.0,C
510601,2006,2015106012006,0.0,,65.41666666666666,48269.52343749999,3474.615478515625,0.0,C
510601,2008,2015106012008,0.0,,57.6,46490.0,3527.576904296875,0.0,C
510602,1006,2015106021006,0.0,,67.0,47981.47265625,4130.115234375,0.0,D
510602,1024,2015106021024,0.0,,64.83333333333333,48195.533854166664,4125.84619140625,0.0,D
510602,2020,2015106022020,0.0,,80.63636363636365,49949.2890625,3473.230712890625,0.0,D
510602,3013,2015106023013,0.0,,83.79999999999998,49768.66165865385,3269.076904296875,0.0,D
510701,1001,2015107011001,0.0,,36.333333333333314,46617.83371057242,4326.26904296875,0.0,D
510801,1014,2015108011014,0.0,,72.8333333333333,50366.14453125001,3393.884521484375,0.0,D
510801,2002,2015108012002,0.0,,84.375,50689.900390625,3915.769287109375,0.0,D
510801,3005,2015108013005,0.0,,64.21428571428571,49008.10787259616,4952.96142578125,0.0,D
510801,3006,2015108013006,0.0,,46.21951219512195,49103.437318313954,5206.1923828125,0.0,D
510802,1018,2015108021018,0.0,,52.61538461538463,46156.38346354166,4937.4228515625,0.0,B
510802,1025,2015108021025,3.33075349e-07,44748.56446347284,7.929108485499459,45324.70923812335,7257.500000000002,0.67505537575014,A
332800,1008,2013328001008,0.0,,52.47058823529411,47270.941176470595,4712.96142578125,0.0,C
332800,1017,2013328001017,0.0,,85.9375,49216.487548828125,4066.5,0.0,C
332800,2005,2013328002005,0.0,,61.35714285714286,46788.29027240044,4385.8076171875,0.0,C
332800,3002,2013328003002,4.6741088e-07,35773.66529728861,48.1106060606061,47758.589112442925,4858.423095703125,0.09499121641887,C
332800,3012,2013328003012,0.0,,59.26315789473684,48816.838169642855,4584.3076171875,0.0,C
332800,3019,2013328003019,0.0,,46.25000000000001,48011.966796875,5537.96142578125,0.0,C
332900,1008,2013329001008,0.0,,39.411764705882355,48179.45278033089,5157.4228515625,0.0,C
332900,1034,2013329001034,0.0,,31.666666666666668,48124.929435483864,5758.9228515625,0.0,B
332900,2009,2013329002009,0.0,,65.69230769230768,48036.94871794871,4638.6923828125,0.0,C
332900,3016,2013329003016,0.0,,40.253968253968246,47876.38691086066,5123.03857421875,0.0,C
333000,2002,2013330002002,0.0,,63.3939393939394,48551.37665264422,5218.384765625,0.0,B
333000,2009,2013330002009,0.0,,87.77777777777777,47429.333333333336,4789.84619140625,0.0,B
333100,3002,2013331003002,0.0,,39.6504854368932,47751.305859374996,5762.53857421875,0.0,B
510802,2000,2015108022000,0.0,,70.83333333333333,49262.6097470238,4482.23095703125,0.0,D
510803,1013,2015108031013,0.0,,49.23437499999999,46604.27888257577,4345.65380859375,0.0,D
510901,1009,2015109011009,0.0,,56.43478260869565,48206.56212797619,3879.3461914062495,0.0,D
510901,2001,2015109012001,0.0,,72.33898305084745,46997.308330702894,3777.025634765625,0.0,D
510901,3006,2015109013006,0.0,,52.400000000000006,48039.30505952381,4627.6923828125,0.0,D
510901,3022,2015109013022,0.0,,65.25,49313.88769531249,4165.115234375,0.0,D
510901,3024,2015109013024,0.0,,59.00000000000001,49397.64453125,4357.76904296875,0.0,D
511202,2007,2015112022007,0.0,,62.07142857142856,46400.36869419644,3416.3076171875,0.0,C
511301,1003,2015113011003,0.0,,75.13333333333334,48871.536250000005,3718.230712890625,0.0,B
511301,1003,2015113011003,0.0,,75.13333333333334,48871.536250000005,3718.230712890625,0.0,C
511301,1005,2015113011005,0.0,,76.71428571428571,49532.47140066963,4168.76904296875,0.0,B
511301,1005,2015113011005,0.0,,76.71428571428571,49532.47140066963,4168.76904296875,0.0,C
511301,1012,2015113011012,0.0,,44.03703703703704,49387.723586309534,4546.615234375,0.0,C
511301,2017,2015113012017,0.0,,48.88888888888888,48143.30948153408,5211.884765625,0.0,B
511301,2017,2015113012017,0.0,,48.88888888888888,48143.30948153408,5211.884765625,0.0,C
511301,3004,2015113013004,0.0,,59.55555555555556,50188.685639880954,4171.1923828125,0.0,C
511301,4004,2015113014004,0.0,,63.000000000000014,47817.48104745372,3196.730712890625,0.0,C
511302,1017,2015113021017,0.0,,54.89999999999999,48754.028180803565,5311.53857421875,0.0,B
511302,1017,2015113021017,0.0,,54.89999999999999,48754.028180803565,5311.53857421875,0.0,C
511302,2013,2015113022013,0.0,,44.523809523809526,49416.069293478264,5395.8076171875,0.0,B
511302,2013,2015113022013,0.0,,44.523809523809526,49416.069293478264,5395.8076171875,0.0,C
511302,2018,2015113022018,0.0,,51.631578947368425,49215.4568452381,5200.34619140625,0.0,B
511302,2018,2015113022018,0.0,,51.631578947368425,49215.4568452381,5200.34619140625,0.0,C
511302,3001,2015113023001,0.0,,48.3103448275862,46720.879947916656,4781.73095703125,0.0,B
511400,1005,2015114001005,0.0,,57.6875,47116.522135416664,4591.115234375,0.0,C
511400,1028,2015114001028,0.0,,59.666666666666664,49739.04492187501,5156.884765625,0.0,B
511400,1038,2015114001038,0.0,,58.23529411764706,48588.753605769234,5100.3076171875,0.0,B
511400,2021,2015114002021,0.0,,42.0,48781.699869791664,5334.4228515625,0.0,C
511501,1000,2015115011000,0.0,,84.82352941176471,46333.7107204861,5383.5,0.0,C
511501,1001,2015115011001,0.0,,87.11111111111111,45640.77734375,4785.34619140625,0.0,C
511501,1018,2015115011018,0.0,,56.892857142857146,48105.87123325891,3903.5,0.0,C
511501,1019,2015115011019,0.0,,73.23809523809526,47617.735625,3346.8076171875,0.0,C
511501,1027,2015115011027,0.0,,84.76000000000003,48058.04015624999,3408.730712890625,0.0,C
511501,2014,2015115012014,0.0,,55.69565217391305,48749.79323814655,3974.269287109375,0.0,C
511501,2016,2015115012016,0.0,,68.60714285714285,48864.44621394232,4183.34619140625,0.0,B
511501,2016,2015115012016,0.0,,68.60714285714285,48864.44621394232,4183.34619140625,0.0,C
511502,2006,2015115022006,0.0,,44.52380952380952,46490.38095238094,4537.34619140625,0.0,C
332100,1009,2013321001009,0.0,,82.47058823529412,45231.86230468751,4934.9228515625,0.0,C
511502,3016,2015115023016,0.0,,60.59459459459459,46460.37261284722,4972.1923828125,0.0,C
511502,4019,2015115024019,0.0,,63.671875,47497.55178931449,4592.84619140625,0.0,B
511502,4019,2015115024019,0.0,,63.671875,47497.55178931449,4592.84619140625,0.0,C
511502,5037,2015115025037,0.0,,44.5,46933.73828125,4329.8076171875,0.0,C
511600,2017,2015116002017,0.0,,45.77777777777778,49043.57470703124,4719.15380859375,0.0,C
511600,3008,2015116003008,0.0,,44.22222222222222,48375.499348958336,3920.8461914062495,0.0,C
511600,3011,2015116003011,0.0,,57.83333333333334,49150.91634114584,4396.615234375,0.0,C
511600,4001,2015116004001,0.0,,66.00000000000003,46223.424306441346,4581.615234375,0.0,C
511600,4017,2015116004017,0.0,,55.20370370370372,46331.58871694713,4179.53857421875,0.0,C
511600,4019,2015116004019,0.0,,69.82010582010575,47071.348637925395,3802.423095703125,0.0,C
332700,2039,2013327002039,0.0,,84.85185185185186,47943.59201388888,4158.76904296875,0.0,C
332700,2040,2013327002040,0.0,,80.87912087912089,47959.34774502843,3993.384521484375,0.0,C
332800,1006,2013328001006,0.0,,70.2913043478261,48951.04187704697,3297.8077392578125,0.0,C
332800,2002,2013328002002,0.0,,44.46031746031747,46565.75825352823,5092.84619140625,0.0,C
332800,3006,2013328003006,0.0,,39.52941176470589,48580.31076388889,5729.26904296875,0.0,C
332800,3009,2013328003009,0.0,,40.352941176470594,48202.129136029405,4493.73095703125,0.0,C
332900,1004,2013329001004,0.0,,59.42105263157896,48723.919921875,5164.6923828125,0.0,B
332900,1012,2013329001012,0.0,,41.84210526315789,48146.60026041667,5245.884765625,0.0,C
332900,1019,2013329001019,0.0,,77.28169014084509,49073.68458406691,5126.5,0.0,C
332900,1021,2013329001021,0.0,,46.11764705882352,49266.913679534315,5118.03857421875,0.0,C
332900,1031,2013329001031,0.0,,41.74999999999999,48718.25426136364,5424.0771484375,0.0,B
332900,1031,2013329001031,0.0,,41.74999999999999,48718.25426136364,5424.0771484375,0.0,C
332900,3013,2013329003013,0.0,,56.47368421052632,48111.466796875,3749.615478515625,0.0,C
333000,2013,2013330002013,0.0,,52.53636363636364,46841.6127533784,5234.0576171875,0.0,B
333000,2016,2013330002016,0.0,,36.464183381088866,47536.39878420857,5577.269287109375,0.0,B
530200,2022,2015302002022,0.0,,67.92156862745097,45569.99609375,4521.846354166667,0.0,C
530200,2025,2015302002025,0.0,,82.63265306122446,45670.83748372394,4512.96142578125,0.0,C
410101,1009,2014101011009,0.0,,70.55555555555556,48107.43294270833,3582.46142578125,0.0,D
410101,2000,2014101012000,0.0,,53.33333333333333,46967.333593749994,4393.884765625,0.0,D
410101,2026,2014101012026,0.0,,44.5,48113.899739583336,3692.5385742187505,0.0,D
410102,1013,2014101021013,0.0,,87.2,46670.87286931818,4387.0771484375,0.0,D
410201,1000,2014102011000,0.0,,37.645161290322584,46692.44921874998,5122.307861328125,0.0,A
410201,1016,2014102011016,0.0,,63.52173913043478,47682.37680288461,4595.53857421875,0.0,A
410202,2008,2014102022008,0.0,,55.0,49299.21647135416,3458.115478515625,0.0,B
410202,3004,2014102023004,0.0,,61.22222222222222,47741.307338169645,3825.3461914062495,0.0,B
410300,1003,2014103001003,0.0,,76.58000000000001,50362.43180684839,3295.65380859375,0.0,B
410300,3001,2014103003001,0.0,,45.02222222222223,46811.03909301758,4519.615234375,0.0,B
410300,3001,2014103003001,0.0,,45.02222222222223,46811.03909301758,4519.615234375,0.0,D
410401,1009,2014104011009,0.0,,63.117647058823536,48104.80003004807,4202.65380859375,0.0,B
410401,2020,2014104012020,0.0,,63.0,48588.5,4199.0,0.0,B
410401,4013,2014104014013,0.0,,62.166666666666664,48527.555555555555,3934.1923828125,0.0,B
410401,4021,2014104014021,0.0,,63.0,48599.48549107143,4111.46142578125,0.0,B
410402,3002,2014104023002,0.0,,49.4,47075.52682291666,4122.03857421875,0.0,B
410501,1003,2014105011003,0.0,,61.04166666666666,48066.10390624999,3686.8076171875,0.0,B
410501,1028,2014105011028,0.0,,82.28571428571428,47147.53385416667,3860.576904296875,0.0,B
410502,1023,2014105021023,0.0,,63.0,46532.840625,3820.3076171875,0.0,B
410502,2005,2014105022005,0.0,,82.66666666666667,48327.80013020833,3414.6923828125,0.0,B
410601,1004,2014106011004,0.0,,83.32142857142857,47798.99299568966,3659.423095703125,0.0,B
410601,1027,2014106011027,0.0,,86.0,46820.600260416664,3281.0,0.0,B
410602,1007,2014106021007,0.0,,76.36363636363635,48613.30930397727,3396.03857421875,0.0,B
410602,1007,2014106021007,0.0,,76.36363636363635,48613.30930397727,3396.03857421875,0.0,D
410703,2006,2014107032006,0.0,,64.33333333333333,48239.7265625,4337.4228515625,0.0,A
410704,2007,2014107042007,0.0,,53.70909090909089,46956.340839460776,3786.884521484375,0.0,A
410704,2007,2014107042007,0.0,,53.70909090909089,46956.340839460776,3786.884521484375,0.0,B
410704,2016,2014107042016,0.0,,67.77777777777779,48128.56705729167,4007.5,0.0,A
410705,1004,2014107051004,0.0,,85.60000000000002,48534.84615384616,4277.4228515625,0.0,A
410705,2007,2014107052007,0.0,,52.1,47563.666883680555,4499.115234375,0.0,A
410706,1040,2014107061040,0.0,,82.24999999999999,47653.228236607145,3608.1538085937505,0.0,A
410801,1013,2014108011013,0.0,,66.22222222222223,48821.13324652778,3738.1538085937505,0.0,A
410802,1002,2014108021002,0.0,,61.166666666666664,48682.4340093085,4223.5,0.0,A
410802,1003,2014108021003,0.0,,49.85714285714285,48784.08556547619,4472.46142578125,0.0,A
410900,2006,2014109002006,0.0,,61.92682926829267,47078.30139001621,4554.884765625,0.0,A
411001,1003,2014110011003,0.0,,67.57142857142857,48850.73325892857,5434.96142578125,0.0,A
411002,1000,2014110021000,0.0,,77.05555555555557,48428.662353515625,3766.730712890625,0.0,A
411002,2009,2014110022009,0.0,,88.08333333333334,47631.0796875,3749.3461914062495,0.0,A
410102,1002,2014101021002,0.0,,37.056074766355145,45352.8372511062,4854.5771484375,0.0,A
410102,1002,2014101021002,0.0,,37.056074766355145,45352.8372511062,4854.5771484375,0.0,D
410102,1011,2014101021011,0.0,,73.06563706563709,46470.76048843506,5359.46142578125,0.0,A
410102,1011,2014101021011,0.0,,73.06563706563709,46470.76048843506,5359.46142578125,0.0,D
410102,2002,2014101022002,0.0,,89.875,48477.399739583336,4216.4228515625,0.0,D
410102,2024,2014101022024,0.0,,83.16666666666667,48988.215144230766,3491.730712890625,0.0,D
410201,1003,2014102011003,0.0,,40.61971830985916,45501.64233054576,5045.4228515625,0.0,D
410201,1012,2014102011012,0.0,,77.13592233009706,47357.947746829734,3895.0,0.0,A
410202,1004,2014102021004,0.0,,60.09090909090909,48586.76702008929,3255.884521484375,0.0,B
410300,3002,2014103003002,0.0,,82.43589743589745,48156.77490234375,4367.5771484375,0.0,B
410401,1005,2014104011005,0.0,,78.66666666666667,47536.02490234376,4480.34619140625,0.0,B
410401,3000,2014104013000,0.0,,50.166666666666664,49497.46240234376,3743.269287109375,0.0,B
410401,3002,2014104013002,0.0,,71.57142857142857,49106.84689031863,5526.73095703125,0.0,B
410401,4010,2014104014010,0.0,,58.666666666666664,49226.28571428571,3535.076904296875,0.0,B
410401,4017,2014104014017,0.0,,74.63636363636363,48194.400390625,5147.8076171875,0.0,B
410402,1004,2014104021004,0.0,,65.81818181818183,49295.40006510416,3492.576904296875,0.0,B
410402,2005,2014104022005,0.0,,44.45454545454545,47069.86015625,4404.0,0.0,A
411003,1031,2014110031031,0.0,,68.07142857142858,48120.457310267855,2895.423095703125,0.0,A
411100,1002,2014111001002,0.0,,35.15254237288136,46806.70894886362,5758.8076171875,0.0,A
411100,1004,2014111001004,0.0,,36.45945945945945,47501.03230574324,6271.1923828125,0.0,A
411100,1013,2014111001013,0.0,,38.70588235294117,47731.369365985585,6388.26904296875,0.0,A
411100,1013,2014111001013,0.0,,38.70588235294117,47731.369365985585,6388.26904296875,0.0,B
411100,1020,2014111001020,0.0,,35.756756756756765,47962.634146341465,6205.1923828125,0.0,A
411200,1005,2014112001005,2.785226858e-06,567203.6589160309,21.253187613843377,44948.37220785651,7636.0,0.05204571407351,A
411200,2009,2014112002009,0.0,,37.18181818181817,47482.69116950757,6561.5771484375,0.0,A
411200,2020,2014112002020,0.0,,36.74545454545455,47784.670355902774,6177.46142578125,0.0,A
411400,2000,2014114002000,0.0,,26.439252336448607,47905.77076655984,6333.5771484375,0.0,A
411400,3003,2014114003003,0.0,,43.29268292682928,48511.47534722222,6013.46142578125,0.0,A
411504,1000,2014115041000,0.0,,63.89374999999997,48373.41035917207,4276.76904296875,0.0,A
411901,1006,2014119011006,0.0,,67.05263157894736,47455.43643465909,4169.4228515625,0.0,A
411901,1008,2014119011008,0.0,,69.00000000000001,47742.307031250006,4660.76904296875,0.0,A
411901,2000,2014119012000,0.0,,80.0,48788.43984375,4417.4228515625,0.0,A
411901,2033,2014119012033,0.0,,27.47368421052632,47530.04492187499,5361.0771484375,0.0,A
411902,1005,2014119021005,0.0,,61.5,47605.92529296875,3558.65380859375,0.0,A
411902,1029,2014119021029,0.0,,37.57564575645757,47913.29145852697,6112.211669921875,0.0,A
412000,1000,2014120001000,0.0,,35.5945945945946,48303.26499155406,5776.26904296875,0.0,A
412000,1007,2014120001007,0.0,,38.94444444444444,48339.99978298611,5717.8076171875,0.0,A
412000,1016,2014120001016,0.0,,26.909090909090914,47861.01775568182,6029.9228515625,0.0,A
412000,2001,2014120002001,0.0,,68.05555555555556,48024.79926215277,3031.0,0.0,B
412000,2012,2014120002012,0.0,,47.77777777777778,47543.24457465278,3991.5385742187505,0.0,B
412000,2025,2014120002025,0.0,,85.9705882352941,48753.69396972656,4007.5,0.0,B
412000,3017,2014120003017,0.0,,35.959999999999994,47285.71484375,5559.23095703125,0.0,A
412000,3017,2014120003017,0.0,,35.959999999999994,47285.71484375,5559.23095703125,0.0,B
412201,1003,2014122011003,0.0,,63.81081081081082,49919.20012019231,5059.884765625,0.0,A
412201,2014,2014122012014,0.0,,49.566037735849065,49345.30776742787,5224.0771484375,0.0,A
412201,2014,2014122012014,0.0,,49.566037735849065,49345.30776742787,5224.0771484375,0.0,B
412201,2017,2014122012017,0.0,,41.66666666666667,48864.28685461956,5334.1923828125,0.0,A
412201,3010,2014122013010,0.0,,76.625,49743.76450892857,5558.84619140625,0.0,A
412201,3010,2014122013010,0.0,,76.625,49743.76450892857,5558.84619140625,0.0,B
412201,3012,2014122013012,0.0,,43.392857142857146,48874.75549768518,5535.84619140625,0.0,A
412202,1014,2014122021014,0.0,,33.84848484848486,48439.45714285714,4994.5,0.0,A
412202,3001,2014122023001,0.0,,84.27272727272728,48921.0665922619,4415.73095703125,0.0,B
412202,3012,2014122023012,0.0,,39.378378378378365,49268.31192555147,5109.5,0.0,B
412300,1004,2014123001004,0.0,,59.375,47365.17467948717,4525.884765625,0.0,B
412300,2013,2014123002013,0.0,,35.07142857142857,48444.36653645832,5807.9228515625,0.0,B
412300,2019,2014123002019,0.0,,44.222222222222214,49486.29365808824,5587.0771484375,0.0,B
412300,3009,2014123003009,0.0,,42.62857142857143,47445.956176757805,5861.26904296875,0.0,B
412300,3019,2014123003019,0.0,,48.7741935483871,49036.92104640151,5683.03857421875,0.0,B
412300,4008,2014123004008,0.0,,50.9047619047619,47590.68545386904,5727.84619140625,0.0,B
412300,4009,2014123004009,0.0,,49.35,47366.51532451923,5839.4228515625,0.0,B
412300,5001,2014123005001,0.0,,63.27586206896553,46998.51341145835,3353.6923828125,0.0,B
412400,1005,2014124001005,0.0,,41.333333333333336,46098.228236607145,5219.1923828125,0.0,B
412400,1014,2014124001014,0.0,,46.0625,45912.06298828125,5853.26904296875,0.0,B
412400,2003,2014124002003,0.0,,44.86046511627907,47347.699869791686,5512.5,0.0,B
412400,2009,2014124002009,0.0,,39.358974358974365,45928.29045758928,5914.3076171875,0.0,B
412400,3009,2014124003009,0.0,,41.20000000000001,45931.016764322914,5734.115234375,0.0,B
412400,4005,2014124004005,0.0,,43.522222222222226,46650.64620535714,5544.4228515625,0.0,B
410402,3013,2014104023013,0.0,,68.94999999999997,48569.277777777774,4467.1923828125,0.0,A
410501,1008,2014105011008,0.0,,54.857142857142854,47891.134114583336,3513.46142578125,0.0,B
410501,1041,2014105011041,0.0,,61.315789473684205,46856.652754934206,4223.384765625,0.0,B
410502,1002,2014105021002,0.0,,57.2,47586.57812500001,3731.6538085937505,0.0,B
410502,3013,2014105023013,0.0,,62.2,46931.83629261363,3571.384521484375,0.0,B
410602,2001,2014106022001,0.0,,77.57894736842105,48161.19459292764,3540.8076171875,0.0,B
410602,2016,2014106022016,0.0,,67.45454545454545,46560.06640625,3475.076904296875,0.0,B
410703,1000,2014107031000,0.0,,74.83783783783784,47569.442708333314,3848.4614257812495,0.0,A
410703,1000,2014107031000,0.0,,74.83783783783784,47569.442708333314,3848.4614257812495,0.0,B
410703,1017,2014107031017,0.0,,67.64285714285714,47843.150390625,3896.1538085937505,0.0,A
410703,2003,2014107032003,0.0,,48.05555555555557,48118.62385110294,4442.76904296875,0.0,A
410704,1002,2014107041002,0.0,,53.08333333333333,47414.32741477272,3829.423095703125,0.0,A
410704,2011,2014107042011,0.0,,66.1578947368421,47152.327059659096,3770.730712890625,0.0,A
410704,2011,2014107042011,0.0,,66.1578947368421,47152.327059659096,3770.730712890625,0.0,B
410705,1000,2014107051000,0.0,,65.28750000000001,47678.33259600904,4663.3076171875,0.0,A
410705,2005,2014107052005,0.0,,52.333333333333336,47969.64409722222,4605.0,0.0,A
410705,2014,2014107052014,0.0,,54.0,47404.766927083336,4334.615234375,0.0,A
410706,1009,2014107061009,0.0,,59.99999999999999,48484.97829861111,4047.269287109375,0.0,A
410706,1012,2014107061012,0.0,,54.454545454545446,48878.53298611111,4011.769287109375,0.0,A
410801,1000,2014108011000,0.0,,75.625,48950.509232954544,4029.076904296875,0.0,A
410801,2001,2014108012001,0.0,,63.200000000000024,48811.095783390425,4474.73095703125,0.0,A
410801,2009,2014108012009,0.0,,62.11538461538461,49447.83459051724,4042.384521484375,0.0,A
410900,1008,2014109001008,0.0,,63.91666666666667,48399.91832386365,3660.6923828125,0.0,A
410900,2001,2014109002001,0.0,,65.08333333333333,48232.05013020834,3963.230712890625,0.0,A
411001,2002,2014110012002,0.0,,58.65929203539824,48907.86498397438,4879.15380859375,0.0,A
411002,1004,2014110021004,0.0,,63.16666666666667,48256.81625,4166.4228515625,0.0,A
411002,2002,2014110022002,0.0,,62.833333333333336,48102.819921875,4701.5771484375,0.0,A
411003,1000,2014110031000,0.0,,68.2857142857143,48919.88722826087,3414.076904296875,0.0,A
411003,1001,2014110031001,0.0,,70.42857142857142,48561.4712673611,3429.6923828125,0.0,A
411003,1011,2014110031011,0.0,,74.05882352941175,46767.97520189607,3281.8076171875,0.0,A
411003,1016,2014110031016,0.0,,65.87500000000001,48254.8089657738,3523.923095703125,0.0,A
411100,1007,2014111001007,0.0,,40.451612903225815,48392.53314393939,5792.96142578125,0.0,A
411100,1014,2014111001014,0.0,,38.8,47834.800037202374,6728.46142578125,0.0,A
411100,2001,2014111002001,0.0,,65.10000000000002,47795.129136029405,6026.5,0.0,A
411200,1001,2014112001001,7.3695375e-08,154960.3188102857,20.748216833095572,46549.045065197846,6712.880262586805,0.002102237657875,A
411200,1001,2014112001001,7.3695375e-08,154960.3188102857,20.748216833095572,46549.045065197846,6712.880262586805,0.002102237657875,D
411200,2000,2014112002000,0.0,,26.65079365079365,47387.9661358173,6735.76904296875,0.0,A
411200,2013,2014112002013,0.0,,35.04444444444446,47234.582370923905,6421.5,0.0,A
411200,2015,2014112002015,0.0,,35.78431372549019,47991.10366586539,6128.76904296875,0.0,A
411400,2006,2014114002006,0.0,,32.75,47789.55296415441,5968.3076171875,0.0,A
411400,2013,2014114002013,0.0,,45.89999999999999,48820.116159539466,5749.0771484375,0.0,A
411400,2015,2014114002015,0.0,,43.71428571428572,48762.059765625,5417.884765625,0.0,A
411400,3004,2014114003004,0.0,,37.87755102040816,48386.9502766927,5980.0771484375,0.0,A
411802,2008,2014118022008,0.0,,81.88888888888884,47699.35237747303,3011.3076171875,0.0,B
411901,2021,2014119012021,0.0,,30.800000000000008,48144.87121975805,4988.53857421875,0.0,A
411902,1018,2014119021018,0.0,,18.63461538461539,47175.23046874999,5722.84619140625,0.0,A
411902,1024,2014119021024,0.0,,70.11111111111111,46907.57769097222,4886.84619140625,0.0,A
412000,1005,2014120001005,0.0,,37.3,47388.28927951388,5368.23095703125,0.0,A
412000,1020,2014120001020,0.0,,42.99999999999999,47469.27799479167,5966.84619140625,0.0,A
412000,3001,2014120003001,0.0,,43.285714285714285,47121.433105468765,4543.65380859375,0.0,A
412000,3001,2014120003001,0.0,,43.285714285714285,47121.433105468765,4543.65380859375,0.0,B
412000,3009,2014120003009,0.0,,38.0,46105.84570312499,5699.34619140625,0.0,A
412000,3009,2014120003009,0.0,,38.0,46105.84570312499,5699.34619140625,0.0,B
412201,1001,2014122011001,0.0,,77.44444444444444,49351.58638139205,4949.9228515625,0.0,A
412201,2004,2014122012004,0.0,,42.89285714285714,48312.762731481474,4807.3076171875,0.0,A
412201,2004,2014122012004,0.0,,42.89285714285714,48312.762731481474,4807.3076171875,0.0,B
412201,2009,2014122012009,0.0,,49.55,48865.94401041666,5224.884765625,0.0,A
412201,3006,2014122013006,0.0,,80.92857142857143,48966.022135416664,4782.5,0.0,A
412202,1000,2014122021000,0.0,,82.47311827956989,48947.991282894734,3945.5385742187505,0.0,A
412202,1001,2014122021001,0.0,,56.10852713178298,48492.11161140269,4799.4228515625,0.0,A
412202,1019,2014122021019,0.0,,57.00000000000001,47717.82375919118,4805.5,0.0,A
412202,1020,2014122021020,0.0,,37.02439024390243,48806.44261532738,4577.0771484375,0.0,A
412202,2005,2014122022005,0.0,,42.193548387096776,49443.52845982143,5376.5,0.0,B
412202,2013,2014122022013,0.0,,53.47727272727272,49356.243032094586,4682.8076171875,0.0,A
412300,1000,2014123001000,0.0,,78.33333333333333,48170.68326822917,3091.84619140625,0.0,B
412300,1015,2014123001015,0.0,,49.15789473684211,47333.48493303571,4950.46142578125,0.0,B
412300,2000,2014123002000,0.0,,56.52941176470589,47330.559895833336,5116.3076171875,0.0,B
412300,3000,2014123003000,0.0,,37.27777777777778,46903.359933035725,5852.4228515625,0.0,B
412300,3007,2014123003007,0.0,,43.551724137931025,47975.131347656235,5643.76904296875,0.0,B
412300,3017,2014123003017,0.0,,42.65624999999999,48787.34648437499,5462.15380859375,0.0,B
412300,4021,2014123004021,0.0,,40.94117647058824,47104.84447337961,5437.65380859375,0.0,B
412300,5000,2014123005000,0.0,,60.23076923076922,47392.35648777173,3576.230712890625,0.0,B
412300,5016,2014123005016,0.0,,48.833333333333336,45953.5189525463,5083.03857421875,0.0,B
412300,5017,2014123005017,0.0,,47.599999999999994,45820.990039062504,5132.0,0.0,B
412400,3005,2014124003005,0.0,,45.68749999999999,46207.240364583326,5626.884765625,0.0,B
412400,3015,2014124003015,0.0,,44.59090909090909,47917.885602678565,5620.03857421875,0.0,B
413100,1000,2014131001000,0.0,,57.166666666666664,49621.024277161225,5020.519287109375,0.0,B
413203,1000,2014132031000,0.0,,70.80727272727272,48947.994973575376,4663.65380859375,0.0,B
413205,1000,2014132051000,0.0,,79.49999999999996,48826.2479296875,4668.53857421875,0.0,B
413206,1003,2014132061003,0.0,,64.75,48574.03166118422,4142.15380859375,0.0,A
413206,2000,2014132062000,0.0,,71.7662337662338,48175.78723299051,3944.5385742187505,0.0,A
413301,1001,2014133011001,0.0,,68.7076271186441,48790.517552977486,4920.525553385417,0.0,A
413301,3001,2014133013001,0.0,,41.57894736842105,46610.940831801454,4725.65380859375,0.0,A
413301,4002,2014133014002,0.0,,76.1276595744681,49508.55007102274,3665.6538085937505,0.0,A
980200,1034,2019802001034,0.0,,81.44444444444444,47966.287968749995,2816.115478515625,0.0,D
980300,1000,2019803001000,2.34528177e-07,23869.088276871586,40.63370786516851,47766.62278941764,5654.384602864583,0.027211163554279,A
980300,1001,2019803001001,1.13231924e-07,141392.44661670754,53.101098901098915,48699.44748216246,5475.083251953125,0.001132332917201,A
980300,1001,2019803001001,1.13231924e-07,141392.44661670754,53.101098901098915,48699.44748216246,5475.083251953125,0.001132332917201,B
980400,1000,2019804001000,0.0,,63.01535312180145,48028.27638326259,3461.403849283854,0.0,D
980400,1001,2019804001001,0.0,,58.6367713004484,48887.49561820652,3843.077026367187,0.0,D
980200,1015,2019802001015,0.0,,64.33035714285714,48677.962611607145,2831.46142578125,0.0,D
980400,1002,2019804001002,0.0,,77.6313559322034,47248.32062565927,3662.8076171875,0.0,D
